Lease Number,WP Property ID,Entity,State,County,Quarter Calls,Section,Township,Range,Gross Acres,Interest Type,Lease Royalty,Net Mineral Acres,Term,Depths,Effective Date,Unit Number (Primary),Unit Number (Secondary),Purchased,Leasing Agent,Status,Notes,EqAi8,Book/Page,NMA * Royalty Burden,W.I.,NRI,Lease Royalty,Royalty Decimal,UNIT_SIZE,UNIT_NO,NORTH_STR,MIDDLE_STR,SOUTH_STR,Net Mineral Acres,STR,Unit Type,Expiration
273,151913WL07,Ostrich JV,Oklahoma,Custer,All,13,15N,19W,640,OGM,0.19,20,3,All,9/16/2025,A14,,"Prosper Resources, LLC",Marcus/Casey,,,JV Tract,"2156/613, 2153/133",3.75,0.01042,0.00846,3/16,0.1875,1920,A14,13-15N-19W,24-15N-19W,25-15N-19W,20,,Drillable,
282,151911WL14,Ostrich JV,Oklahoma,Custer,SE4NW4,11,15N,19W,40,OGM,0.20,8.89,3,All,9/19/2025,648,,"TCD Exploration, LLC",Wendy,,,JV Tract,2155/169,1.778,0.00695,0.00556,1/5,0.2,1280,648,2-15N-19W,,11-15N-19W,8.89,,Potential Drillable,
285,141720WL25,Ostrich JV,Oklahoma,Custer,"S2, S2NW4",20,14N,17W,400,OGM,0.20,60,3,All,9/19/2025,1080,,"Wake Energy, LLC",Marcus/Casey,,,JV Tract,2155/484,12,0.04688,0.03750,1/5,0.2,1280,1080,20-14N-17W,,29-14N-17W,60,,Drillable,
287,151720WL08,Ostrich JV,Oklahoma,Custer,"SE4, E2SW4",20,15N,17W,240,OGM,0.20,52.5,3,All,9/19/2025,1085,,Ruth Marie Williams,Wendy,,,JV Tract,2156/598,10.5,0.04102,0.03281,1/5,0.2,1280,1085,17-15N-17W,,20-15N-17W,52.5,,Potential Drillable,
288,151720WL03,Ostrich JV,Oklahoma,Custer,"SE4, E2SW4",20,15N,17W,240,OGM,0.20,52.5,3,All,9/19/2025,1085,,Dud Martin Hire,Wendy,,,JV Tract,2156/608,10.5,0.04102,0.03281,1/5,0.2,1280,1085,17-15N-17W,,20-15N-17W,52.5,,Potential Drillable,
289,141720WL18,Ostrich JV,Oklahoma,Custer,"S2, S2NW4",20,14N,17W,400,OGM,0.20,60,3,All,9/19/2025,1080,,Mary D. Parr,Wendy,,,JV Tract,2156/624,12,0.04688,0.03750,1/5,0.2,1280,1080,20-14N-17W,,29-14N-17W,60,,Drillable,
291,141720WL24,Ostrich JV,Oklahoma,Custer,"S2, S2NW4",20,14N,17W,400,OGM,0.20,60,3,All,9/19/2025,1080,,Treva Dian Robinson,Wendy,,,JV Tract,2156/617,12,0.04688,0.03750,1/5,0.2,1280,1080,20-14N-17W,,29-14N-17W,60,,Drillable,
292,151720WL06,Ostrich JV,Oklahoma,Custer,"SE4, E2SW4",20,15N,17W,240,OGM,0.20,7.5,3,All,9/19/2025,1085,,Marla Frances Allen,Wendy,,,JV Tract,2162/502,1.5,0.00586,0.00469,1/5,0.2,1280,1085,17-15N-17W,,20-15N-17W,7.5,,Potential Drillable,
293,151720WL05,Ostrich JV,Oklahoma,Custer,NE4,20,15N,17W,160,OGM,0.20,80,3,All,9/19/2025,1085,,"Lambertus Farms, LLC",Wendy,,,JV Tract,2159/337,16,0.06250,0.05000,1/5,0.2,1280,1085,17-15N-17W,,20-15N-17W,80,,Potential Drillable,
294,151924WL02,Ostrich JV,Oklahoma,Custer,"E2SW4, SE4",24,15N,19W,240,OGM,0.20,53.28,3,All,9/25/2025,A14,,"Apple Blossom Royalties, LLC",Wendy,,,JV Tract,2158/395,10.656,0.02775,0.02220,1/5,0.2,1920,A14,13-15N-19W,24-15N-19W,25-15N-19W,53.28,,Drillable,
295,151925WL01,Ostrich JV,Oklahoma,Custer,"NE4, SW4SW4, NE4NW4, NW4SE4",25,15N,19W,280,OGM,0.20,53.28,3,All,9/25/2025,A14,,"Apple Blossom Royalties, LLC",Wendy,,,JV Tract,2158/399,10.656,0.02775,0.02220,1/5,0.2,1920,A14,13-15N-19W,24-15N-19W,25-15N-19W,53.28,,Drillable,
296,151925WL14,Ostrich JV,Oklahoma,Custer,"SE4NW4, NE4SW4, SW4SW4",25,15N,19W,120,OGM,0.20,20.76,3,All,9/25/2025,A14,,"Magic M&R, LLC",Wendy,,,JV Tract,2158/391,4.152,0.01081,0.00865,1/5,0.2,1920,A14,13-15N-19W,24-15N-19W,25-15N-19W,20.76,,Drillable,
297,151720WL11,Ostrich JV,Oklahoma,Custer,"SE4, E2SW4",20,15N,17W,240,OGM,0.20,52.5,3,All,9/25/2025,1085,,"White Sail Energy, LLC",Marcus/Casey,,,JV Tract,2158/166,10.5,0.04102,0.03281,1/5,0.2,1280,1085,17-15N-17W,,20-15N-17W,52.5,,Potential Drillable,
298,151720WL09,Ostrich JV,Oklahoma,Custer,"SE4, E2SW4",20,15N,17W,240,OGM,0.20,7.5,3,All,9/19/2025,1085,,Susan Lynette Mott,Wendy,,,JV Tract,2156/603,1.5,0.00586,0.00469,1/5,0.2,1280,1085,17-15N-17W,,20-15N-17W,7.5,,Potential Drillable,
301,151925WL23,Ostrich JV,Oklahoma,Custer,E2SE4,25,15N,19W,80,OGM,0.25,30,3,All,9/19/2025,A14,,PHX Minerals Inc.,Wendy,,,JV Tract,2162/475,7.5,0.01563,0.01172,1/4,0.25,1920,A14,13-15N-19W,24-15N-19W,25-15N-19W,30,,Drillable,
302,151722WL02,Ostrich JV,Oklahoma,Custer,NE4,22,15N,17W,160,OGM,0.20,53.33,3,Below Cottage Grove,10/8/2025,902,,Lena M. Liles,Wendy,,,JV Tract,2159/325,10.666,0.04166,0.03333,1/5,0.2,1280,902,15-15N-17W,,22-15N-17W,53.33,,Drillable,
303,151722WL06,Ostrich JV,Oklahoma,Custer,NE4,22,15N,17W,160,OGM,0.20,8.89,3,Below Cottage Grove,10/8/2025,902,,Royce and Kelley Ramey Living Trust,Wendy,,,JV Tract,2159/333,1.778,0.00695,0.00556,1/5,0.2,1280,902,15-15N-17W,,22-15N-17W,8.89,,Drillable,
304,151722WL07,Ostrich JV,Oklahoma,Custer,NE4,22,15N,17W,160,OGM,0.20,8.89,3,Below Cottage Grove,10/8/2025,902,,Steven Myers,Wendy,,,JV Tract,2159/329,1.778,0.00695,0.00556,1/5,0.2,1280,902,15-15N-17W,,22-15N-17W,8.89,,Drillable,
307,151720WL07,Ostrich JV,Oklahoma,Custer,"SE4, E2SW4",20,15N,17W,240,OGM,0.20,7.5,3,All,9/19/2025,1085,,Michael Louis Allen,Wendy,,,JV Tract,2162/497,1.5,0.00586,0.00469,1/5,0.2,1280,1085,17-15N-17W,,20-15N-17W,7.5,,Potential Drillable,
308,151911WL02,Ostrich JV,Oklahoma,Custer,All,11,15N,19W,640,OGM,0.19,202.87,3,All,12/9/2024,648,,"Alvarado 2014, LLC",Marcus/Casey,,,JV Tract,2158/168,38.038125,0.15849,0.12877,3/16,0.1875,1280,648,2-15N-19W,,11-15N-19W,202.87,,Potential Drillable,
309,151911WL03,Ostrich JV,Oklahoma,Custer,All,11,15N,19W,640,OGM,0.19,26.67,3+2,All,3/17/2025,648,,"Alvarado 2014, LLC",Marcus/Casey,,,JV Tract,2158/168,5.000625,0.02084,0.01693,3/16,0.1875,1280,648,2-15N-19W,,11-15N-19W,26.67,,Potential Drillable,
310,151911WL04,Ostrich JV,Oklahoma,Custer,All,11,15N,19W,640,OGM,0.20,53,3,All,12/9/2024,648,,"Alvarado 2014, LLC",Marcus/Casey,,,JV Tract,2158/168,10.6,0.04141,0.03313,1/5,0.2,1280,648,2-15N-19W,,11-15N-19W,53,,Potential Drillable,
312,151924WL01,Ostrich JV,Oklahoma,Custer,All,24,15N,19W,640,OGM,0.20,48.5,3,All,11/26/2024,A14,,"Alvarado 2014, LLC",Marcus/Casey,,,JV Tract,2158/168,9.7,0.02526,0.02021,1/5,0.2,1920,A14,13-15N-19W,24-15N-19W,25-15N-19W,48.5,,Drillable,
313,151911WL01,Ostrich JV,Oklahoma,Custer,NE4,11,15N,19W,160,OGM,0.25,4,3,All,10/10/2025,648,,"Advocate Oil and Gas, LLC",Bill,,,JV Tract,2161/187,1,0.00313,0.00234,1/4,0.25,1280,648,2-15N-19W,,11-15N-19W,4,,Potential Drillable,
314,151924WL11,Ostrich JV,Oklahoma,Custer,NE4,24,15N,19W,160,OGM,0.20,3.5,3,All,10/14/2025,A14,,Midhill Partnership fbo Susan E. Heiss SEP IRA,Bill,,,JV Tract,2161/176,0.7,0.00182,0.00146,1/5,0.2,1920,A14,13-15N-19W,24-15N-19W,25-15N-19W,3.5,,Drillable,
315,151925WL18,Ostrich JV,Oklahoma,Custer,"W2NW4, NW4SW4",25,15N,19W,120,OGM,0.20,3.5,3,All,10/14/2025,A14,,Midhill Partnership fbo Susan E. Heiss SEP IRA,Bill,,,JV Tract,2161/170,0.7,0.00182,0.00146,1/5,0.2,1920,A14,13-15N-19W,24-15N-19W,25-15N-19W,3.5,,Drillable,
316,151924WL09,Ostrich JV,Oklahoma,Custer,NW4,24,15N,19W,160,OGM,0.20,10,3,All,10/6/2025,A14,,Margaret M. Williams and Larry G. Williams Trust,Bill,,,JV Tract,2161/193,2,0.00521,0.00417,1/5,0.2,1920,A14,13-15N-19W,24-15N-19W,25-15N-19W,10,,Drillable,
317,151925WL25,Ostrich JV,Oklahoma,Custer,"NE4, NE4NW4, NW4SE4",25,15N,19W,240,OGM,0.20,3.43,3,All,10/9/2025,A14,,Vickie S. Cavanaugh Kilpatrick,Bill,,,JV Tract,2161/182,0.686,0.00179,0.00143,1/5,0.2,1920,A14,13-15N-19W,24-15N-19W,25-15N-19W,3.43,,Drillable,
319,151720WL04,Ostrich JV,Oklahoma,Custer,"W2SW4, SW4NW4",20,15N,17W,80,OGM,0.20,2.5,3,All,10/15/2025,1085,,Kimberly Conkling Brown,Wendy,,,JV Tract,2159/320,0.5,0.00195,0.00156,1/5,0.2,1280,1085,17-15N-17W,,20-15N-17W,2.5,,Potential Drillable,
322,151720WL10,Ostrich JV,Oklahoma,Custer,NE4,20,15N,17W,160,OGM,0.25,40,3,All,9/19/2025,1085,,Thomas M. Junk Revocable Trust,Wendy,,,JV Tract,2166/147,10,0.03125,0.02344,1/4,0.25,1280,1085,17-15N-17W,,20-15N-17W,40,,Potential Drillable,
324,151924WL06,Ostrich JV,Oklahoma,Custer,NW4,24,15N,19W,160,OGM,0.25,7.5,3,All,10/16/2025,A14,,"Heritage Royalties, Inc.",Bill,,,JV Tract,2162/588,1.875,0.00391,0.00293,1/4,0.25,1920,A14,13-15N-19W,24-15N-19W,25-15N-19W,7.5,,Drillable,
325,151722WL05,Ostrich JV,Oklahoma,Custer,NE4,22,15N,17W,160,OGM,0.20,53.33,3,Below Cottage Grove,10/7/2025,902,,Particia A. John and Roger John,Wendy,,,JV Tract,2164/146,10.666,0.04166,0.03333,1/5,0.2,1280,902,15-15N-17W,,22-15N-17W,53.33,,Drillable,
326,151924WL10,Ostrich JV,Oklahoma,Custer,NW4,24,15N,19W,160,OGM,0.25,5.5,3,All,10/1/2025,A14,,"Mekusukey Oil Company, LLC",Continential,,,JV Tract,2163/208,1.375,0.00286,0.00215,1/4,0.25,1920,A14,13-15N-19W,24-15N-19W,25-15N-19W,5.5,,Drillable,
330,151911WL10,Ostrich JV,Oklahoma,Custer,"SE4, E2SW4",11,15N,19W,240,OGM,0.25,18.5,3,All,10/1/2025,648,,"Mekusukey Oil Company, LLC",Continential,,,JV Tract,2163/200,4.625,0.01445,0.01084,1/4,0.25,1280,648,2-15N-19W,,11-15N-19W,18.5,,Potential Drillable,
332,151925WL15,Ostrich JV,Oklahoma,Custer,"SE4NW4, NE4SW4, E2SE4",25,15N,19W,160,OGM,0.25,20.5,3,All,10/1/2025,A14,,"Mekusukey Oil Company, LLC",Continential,,,JV Tract,2163/212,5.125,0.01068,0.00801,1/4,0.25,1920,A14,13-15N-19W,24-15N-19W,25-15N-19W,20.5,,Drillable,
336,151924WL03,Ostrich JV,Oklahoma,Custer,NE4,24,15N,19W,160,OGM,0.20,0.5,3,All,10/14/2025,A14,,"Energy Properties Limited, LP",Bill,,,JV Tract,2166/198,0.1,0.00026,0.00021,1/5,0.2,1920,A14,13-15N-19W,24-15N-19W,25-15N-19W,0.5,,Drillable,
337,151925WL05,Ostrich JV,Oklahoma,Custer,"W2NW4, NW4SW4",25,15N,19W,120,OGM,0.20,0.5,3,All,10/14/2025,A14,,"Energy Properties Limited, LP",Bill,,,JV Tract,2166/192,0.1,0.00026,0.00021,1/5,0.2,1920,A14,13-15N-19W,24-15N-19W,25-15N-19W,0.5,,Drillable,
339,141720WL17,Ostrich JV,Oklahoma,Custer,"S2NW4, W2SW4",20,14N,17W,160,OGM,0.20,8.89,3,All,10/8/2025,1080,,Margaret Louise Douglass 1985 Revocable Trust,Bill,,,JV Tract,2162/579,1.778,0.00695,0.00556,1/5,0.2,1280,1080,20-14N-17W,,29-14N-17W,8.89,,Drillable,
340,141720WL08,Ostrich JV,Oklahoma,Custer,"S2NW4, W2SW4",20,14N,17W,160,OGM,0.20,1.48,3,All,10/8/2025,1080,,Janette Douglass Hawkins Revocable Trust,Bill,,,JV Tract,2162/574,0.296,0.00116,0.00093,1/5,0.2,1280,1080,20-14N-17W,,29-14N-17W,1.48,,Drillable,
341,141720WL16,Ostrich JV,Oklahoma,Custer,"S2NW4, W2SW4",20,14N,17W,160,OGM,0.20,1.48,3,All,10/8/2025,1080,,Lorraine Douglass Trust,Bill,,,JV Tract,2161/198,0.296,0.00116,0.00093,1/5,0.2,1280,1080,20-14N-17W,,29-14N-17W,1.48,,Drillable,
343,151715WL01,Ostrich JV,Oklahoma,Custer,"W2, NE4",15,15N,17W,480,OGM,0.20,160,3,Below Cottage Grove,10/20/2025,902,,"LoCoDeB Minerals, LLC",Wendy,,,JV Tract,2162/556,32,0.12500,0.10000,1/5,0.2,1280,902,15-15N-17W,,22-15N-17W,160,,Drillable,
344,151715WL02,Ostrich JV,Oklahoma,Custer,"W2, NE4",15,15N,17W,480,OGM,0.20,160,3,Below Cottage Grove,10/20/2025,902,,Marsha D. Harrod Living Trust,Wendy,,,JV Tract,2162/542,32,0.12500,0.10000,1/5,0.2,1280,902,15-15N-17W,,22-15N-17W,160,,Drillable,
345,151715WL03,Ostrich JV,Oklahoma,Custer,"W2, NE4",15,15N,17W,480,OGM,0.20,160,3,Below Cottage Grove,10/20/2025,902,,"Sawatzky Family Minerals, LLC",Wendy,,,JV Tract,2162/549,32,0.12500,0.10000,1/5,0.2,1280,902,15-15N-17W,,22-15N-17W,160,,Drillable,
348,141720WL09,Ostrich JV,Oklahoma,Custer,NE4,20,14N,17W,160,OGM,0.20,30,3,All,10/21/2025,1080,,Janice M. Lewis,Bill,,,JV Tract,2164/141,6,0.02344,0.01875,1/5,0.2,1280,1080,20-14N-17W,,29-14N-17W,30,,Drillable,
348,141720WL01,Ostrich JV,Oklahoma,Custer,NE4,20,14N,17W,160,OGM,0.20,30,3,All,10/21/2025,1080,,Brian K. Davis,Bill,,,JV Tract,2164/131,6,0.02344,0.01875,1/5,0.2,1280,1080,20-14N-17W,,29-14N-17W,30,,Drillable,
348,141720WL22,Ostrich JV,Oklahoma,Custer,NE4,20,14N,17W,160,OGM,0.20,30,3,All,10/21/2025,1080,,Sharon F. Gray,Bill,,,JV Tract,2164/126,6,0.02344,0.01875,1/5,0.2,1280,1080,20-14N-17W,,29-14N-17W,30,,Drillable,
348,141720WL15,Ostrich JV,Oklahoma,Custer,NE4,20,14N,17W,160,OGM,0.20,30,3,All,10/21/2025,1080,,Linda Kaye Carroll,Bill,,,JV Tract,2166/223,6,0.02344,0.01875,1/5,0.2,1280,1080,20-14N-17W,,29-14N-17W,30,,Drillable,
351,141720WL04,Ostrich JV,Oklahoma,Custer,"E2SW4, W2SE4",20,14N,17W,160,OGM,0.20,20,3,All,10/20/2025,1080,,"Consul Properties, LLC",Bill,,,JV Tract,2161/165,4,0.01563,0.01250,1/5,0.2,1280,1080,20-14N-17W,,29-14N-17W,20,,Drillable,
353,151911WL12,Ostrich JV,Oklahoma,Custer,"SE4, E2SW4",11,15N,19W,240,OGM,0.25,1.5,3,All,10/13/2025,648,,"Mustang Minerals, LLC",Continential,,,JV Tract,2166/412,0.375,0.00117,0.00088,1/4,0.25,1280,648,2-15N-19W,,11-15N-19W,1.5,,Potential Drillable,
357,151925WL06,Ostrich JV,Oklahoma,Custer,"W2NW4, NW4SW4",25,15N,19W,120,OGM,0.20,1,3,All,10/24/2025,A14,,"GTS Oil, LLC",Bill,,,JV Tract,2168/183,0.2,0.00052,0.00042,1/5,0.2,1920,A14,13-15N-19W,24-15N-19W,25-15N-19W,1,,Drillable,
358,151924WL04,Ostrich JV,Oklahoma,Custer,NE4,24,15N,19W,160,OGM,0.20,1,3,All,10/24/2025,A14,,"GTS Oil, LLC",Bill,,,JV Tract,2174/708,0.2,0.00052,0.00042,1/5,0.2,1920,A14,13-15N-19W,24-15N-19W,25-15N-19W,1,,Drillable,
359,151925WL20,Ostrich JV,Oklahoma,Custer,"W2NW4, NW4SW4",25,15N,19W,120,OGM,0.20,3,3,All,10/24/2025,A14,,NDTCO f/b/o Harold R. Carrizo IRA,Bill,,,JV Tract,2162/469,0.6,0.00156,0.00125,1/5,0.2,1920,A14,13-15N-19W,24-15N-19W,25-15N-19W,3,,Drillable,
361,141720WL23,Ostrich JV,Oklahoma,Custer,"E2SW4, W2SE4",20,14N,17W,160,OGM,0.19,10,3,All,10/28/2025,1080,,Thomas W. Moore,Bill,,,JV Tract,2164/156,1.875,0.00781,0.00635,3/16,0.1875,1280,1080,20-14N-17W,,29-14N-17W,10,,Drillable,
363,141729WL06,Ostrich JV,Oklahoma,Custer,E2SW4,29,14N,17W,80,OGM,0.20,20,3,All,10/21/2025,1080,,Frank J. Pospisil,Bill,,,JV Tract,2162/507,4,0.01563,0.01250,1/5,0.2,1280,1080,20-14N-17W,,29-14N-17W,20,,Drillable,
364,141729WL02,Ostrich JV,Oklahoma,Custer,E2SW4,29,14N,17W,80,OGM,0.20,20,3,All,10/21/2025,1080,,Chris and Abette Bryan,Bill,,,JV Tract,2162/512,4,0.01563,0.01250,1/5,0.2,1280,1080,20-14N-17W,,29-14N-17W,20,,Drillable,
367,151925WL21,Ostrich JV,Oklahoma,Custer,"N2, N2SW4, SW4SW4, NW4SE4",25,15N,19W,480,OGM,0.20,20.09,3,All,10/24/2025,A14,,"OGI, Inc.",Bill,,,JV Tract,2162/568,4.018,0.01046,0.00837,1/5,0.2,1920,A14,13-15N-19W,24-15N-19W,25-15N-19W,20.09,,Drillable,
368,141720WL14,Ostrich JV,Oklahoma,Custer,"E2SW4, W2SE4",20,14N,17W,160,OGM,0.19,10,3,All,10/28/2025,1080,,Leslie A. Moore,Bill,,,JV Tract,2166/172,1.875,0.00781,0.00635,3/16,0.1875,1280,1080,20-14N-17W,,29-14N-17W,10,,Drillable,
369,151925WL24,Ostrich JV,Oklahoma,Custer,"NE4, NE4NW4, NW4SE4",25,15N,19W,240,OGM,0.20,3.43,3,All,10/28/2025,A14,,Rosemary Deering,Bill,,,JV Tract,2162/563,0.686,0.00179,0.00143,1/5,0.2,1920,A14,13-15N-19W,24-15N-19W,25-15N-19W,3.43,,Drillable,
375,151925WL11,Ostrich JV,Oklahoma,Custer,"NE4, NE4NW4, NW4SE4",25,15N,19W,240,OGM,0.20,3.43,3,All,10/31/2025,A14,,Kevin Matthew Cavanaugh,Bill,,,JV Tract,2166/208,0.686,0.00179,0.00143,1/5,0.2,1920,A14,13-15N-19W,24-15N-19W,25-15N-19W,3.43,,Drillable,
380,151913WL06,Ostrich JV,Oklahoma,Custer,NE4,13,15N,19W,160,OGM,0.20,5,3,All,11/3/2025,A14,,Marcia Moore McCoy,Bill,,,JV Tract,2167/495,1,0.00260,0.00208,1/5,0.2,1920,A14,13-15N-19W,24-15N-19W,25-15N-19W,5,,Drillable,
384,151925WL02,Ostrich JV,Oklahoma,Custer,"NE4, NE4NW4, NW4SE4",25,15N,19W,240,OGM,0.20,3.43,3,All,10/31/2025,A14,,Catheriine Louise Cavanaugh Elledge,Bill,,,JV Tract,,0.686,0.00179,0.00143,1/5,0.2,1920,A14,13-15N-19W,24-15N-19W,25-15N-19W,3.43,,Drillable,
385,151925WL13,Ostrich JV,Oklahoma,Custer,"W2NW4, NW4SW4",25,15N,19W,120,OGM,0.20,58.5,3,All,11/12/2025,A14,,Lonnie Haggard and Patrice Haggard,Bill,,,JV Tract,,11.7,0.03047,0.02438,1/5,0.2,1920,A14,13-15N-19W,24-15N-19W,25-15N-19W,58.5,,Drillable,
386,151925WL12,Ostrich JV,Oklahoma,Custer,"SE4SW4, SW4SE4",25,15N,19W,80,OGM,0.20,0.83,3,All,10/13/2025,A14,,Linda Slemmons Todd,Bill,,,JV Tract,,0.166,0.00043,0.00035,1/5,0.2,1920,A14,13-15N-19W,24-15N-19W,25-15N-19W,0.83,,Drillable,
387,151925WL04,Ostrich JV,Oklahoma,Custer,"SE4SW4, SW4SE4",25,15N,19W,80,OGM,0.20,0.83,3,All,10/13/2025,A14,,Curtis Ralph Slemmons,Bill,,,JV Tract,2166/218,0.166,0.00043,0.00035,1/5,0.2,1920,A14,13-15N-19W,24-15N-19W,25-15N-19W,0.83,,Drillable,
388,141720WL03,Ostrich JV,Oklahoma,Custer,E2SE4,20,14N,17W,80,OGM,0.20,6.67,3,All,11/11/2025,1080,,Christopher Brent Huchingson,Bill,,,JV Tract,2170/24,1.334,0.00521,0.00417,1/5,0.2,1280,1080,20-14N-17W,,29-14N-17W,6.67,,Drillable,
390,141729WL03,Ostrich JV,Oklahoma,Custer,E2NE4,29,14N,17W,80,OGM,0.20,6.67,3,All,11/11/2025,1080,,Christopher Brent Huchingson,Bill,,,JV Tract,2167/471,1.334,0.00521,0.00417,1/5,0.2,1280,1080,20-14N-17W,,29-14N-17W,6.67,,Drillable,
391,141729WL04,Ostrich JV,Oklahoma,Custer,"SE4, SE4SW4",29,14N,17W,200,OGM,0.20,50,3,All,11/3/2025,1080,,"Double B Diamond Farms, LP",Bill,,,JV Tract,2167/504,10,0.03906,0.03125,1/5,0.2,1280,1080,20-14N-17W,,29-14N-17W,50,,Drillable,
392,151720WL02,Ostrich JV,Oklahoma,Custer,"SE4, E2SW4",20,15N,17W,240,OGM,0.20,7.5,3,All,11/17/2025,1085,,David Nelson Hire,Wendy,,,JV Tract,2166/142,1.5,0.00586,0.00469,1/5,0.2,1280,1085,17-15N-17W,,20-15N-17W,7.5,,Potential Drillable,
393,151913WL02,Ostrich JV,Oklahoma,Custer,"W2, SE4",13,15N,19W,480,OGM,0.23,188.67,3,All,11/5/2025,A14,,"Black Stone Minerals Company, LP",Bill,,,JV Tract,2167/513,42.45075,0.09827,0.07616,22.50%,0.23,1920,A14,13-15N-19W,24-15N-19W,25-15N-19W,188.67,,Drillable,
400,151925WL08,Ostrich JV,Oklahoma,Custer,E2SE4,25,15N,19W,80,OGM,0.25,20,3,All,11/19/2025,A14,,Homer E. May Trust,Bill,,,JV Tract,2167/482,5,0.01042,0.00781,1/4,0.25,1920,A14,13-15N-19W,24-15N-19W,25-15N-19W,20,,Drillable,
401,141729WL08,Ostrich JV,Oklahoma,Custer,E2SE4,29,14N,17W,80,OGM,0.20,10,3,All,11/11/2025,1080,,"Hess Family, LLC",Bill,,,JV Tract,2168/195,2,0.00781,0.00625,1/5,0.2,1280,1080,20-14N-17W,,29-14N-17W,10,,Drillable,
409,151911WL07,Ostrich JV,Oklahoma,Custer,NE4NW4,11,15N,19W,40,OGM,0.20,2.41,3,All,11/7/2025,648,,Jennifer Leigh Rhoads,Continential,,,JV Tract,2169/579,0.482,0.00188,0.00151,1/5,0.2,1280,648,2-15N-19W,,11-15N-19W,2.41,,Potential Drillable,
410,151925WL09,Ostrich JV,Oklahoma,Custer,"W2NE4, NE4NW4, SE4SW4, W2SE4",25,15N,19W,240,OGM,0.20,16.85,3,All,11/12/2025,A14,,Jennifer Leigh Rhoads,Continential,,,JV Tract,2169/583,3.37,0.00878,0.00702,1/5,0.2,1920,A14,13-15N-19W,24-15N-19W,25-15N-19W,16.85,,Drillable,
418,141720WL19,Ostrich JV,Oklahoma,Custer,"S2NW4, W2SW4",20,14N,17W,160,OGM,0.25,17.78,3,All,11/6/2025,1080,,"MB White, Inc.",Bill,,,JV Tract,,4.445,0.01389,0.01042,1/4,0.25,1280,1080,20-14N-17W,,29-14N-17W,17.78,,Drillable,
419,151913WL01,Ostrich JV,Oklahoma,Custer,"W2, SE4",13,15N,19W,480,OGM,0.20,25,3,All,11/11/2025,A14,,Arrowhead Resources Inc.,Bill,,,JV Tract,2166/177,5,0.01302,0.01042,1/5,0.2,1920,A14,13-15N-19W,24-15N-19W,25-15N-19W,25,,Drillable,
421,141720WL05,Ostrich JV,Oklahoma,Custer,"S2NW4, W2SW4",20,14N,17W,160,OGM,0.20,1.48,3,All,10/8/2025,1080,,Dianne Douglass Renkes,Bill,,,JV Tract,2170/6,0.296,0.00116,0.00093,1/5,0.2,1280,1080,20-14N-17W,,29-14N-17W,1.48,,Drillable,
422,141729WL16,Ostrich JV,Oklahoma,Custer,E2SE4,29,14N,17W,80,OGM,0.20,10,3,All,11/19/2025,1080,,"Source Rock Minerals III, LP",Wendy,,,JV Tract,2167/508,2,0.00781,0.00625,1/5,0.2,1280,1080,20-14N-17W,,29-14N-17W,10,,Drillable,
423,151720WL01,Ostrich JV,Oklahoma,Custer,NE4,20,15N,17W,160,OGM,0.22,15,3,All,11/24/2025,1085,,"Carter & Carter Farms, LLC",Wendy,,,JV Tract,2167/500,3.3,0.01172,0.00914,22%,0.22,1280,1085,17-15N-17W,,20-15N-17W,15,,Potential Drillable,
424,151925WL16,Ostrich JV,Oklahoma,Custer,"NE4, NE4NW4, NW4SE4",25,15N,19W,240,OGM,0.20,3.43,3,All,11/17/2025,A14,,Michael R. Cavanaugh,Bill,,,JV Tract,2167/516,0.686,0.00179,0.00143,1/5,0.2,1920,A14,13-15N-19W,24-15N-19W,25-15N-19W,3.43,,Drillable,
428,141729WL12,Ostrich JV,Oklahoma,Custer,"W2W2, NE4SW4",29,14N,17W,200,OGM,0.20,3.7,3,All,11/24/2025,1080,,"KCTCCC, LLC",Bill,,,JV Tract,2172/99,0.74,0.00289,0.00231,1/5,0.2,1280,1080,20-14N-17W,,29-14N-17W,3.7,,Drillable,
429,141720WL12,Ostrich JV,Oklahoma,Custer,"S2NW4, W2SW4",20,14N,17W,160,OGM,0.20,2.96,3,All,11/24/2025,1080,,"KCTCCC, LLC",Bill,,,JV Tract,2172/104,0.592,0.00231,0.00185,1/5,0.2,1280,1080,20-14N-17W,,29-14N-17W,2.96,,Drillable,
434,151913WL05,Ostrich JV,Oklahoma,Custer,NE4,13,15N,19W,160,OGM,0.20,5,3,All,11/17/2025,A14,,Linda Marie Harder,Bill,,,JV Tract,2172/157,1,0.00260,0.00208,1/5,0.2,1920,A14,13-15N-19W,24-15N-19W,25-15N-19W,5,,Drillable,
442,151925WL17,Ostrich JV,Oklahoma,Custer,"W2NE4, NE4NW4, SE4SW4, W2SE4",25,15N,19W,240,OGM,0.20,16.85,3,All,12/22/2025,A14,,"Mickey's Nest, LLC",Continential,,,JV Tract,,3.37,0.00878,0.00702,1/5,0.2,1920,A14,13-15N-19W,24-15N-19W,25-15N-19W,16.85,,Drillable,
444,151911WL09,Ostrich JV,Oklahoma,Custer,NE4NW4,11,15N,19W,40,OGM,0.20,2.41,3,All,11/7/2025,648,,Kenneth M. Ray Revocable Living Trust,Continential,,,JV Tract,2171/468,0.482,0.00188,0.00151,1/5,0.2,1280,648,2-15N-19W,,11-15N-19W,2.41,,Potential Drillable,
448,151925WL07,Ostrich JV,Oklahoma,Custer,"W2NW4, NW4SW4",25,15N,19W,120,OGM,0.20,3,3,All,12/8/2025,A14,,"Guest PS Investments, LLC",Bill,,,JV Tract,2172/152,0.6,0.00156,0.00125,1/5,0.2,1920,A14,13-15N-19W,24-15N-19W,25-15N-19W,3,,Drillable,
449,131936WL03,Ostrich JV,Oklahoma,Custer,NW4,36,13N,19W,160,OGM,0.20,80,3+2,All,11/12/2025,638,,Joseph Greg Falconer,Wendy,,,JV Tract,2172/165,16,0.06250,0.05000,1/5,0.2,1280,638,25-13N-19W,,36-13N-19W,160,,Potential Drillable,
450,151911WL13,Ostrich JV,Oklahoma,Custer,NE4NW4,11,15N,19W,40,OGM,0.20,1.2,3,All,11/7/2025,648,,Patricia Ray,Continential,,,JV Tract,2174/146,0.24,0.00094,0.00075,1/5,0.2,1280,648,2-15N-19W,,11-15N-19W,1.2,,Potential Drillable,
451,151925WL22,Ostrich JV,Oklahoma,Custer,"W2NE4, NE4NW4, SE4SW4, W2SE4",25,15N,19W,240,OGM,0.20,8.43,3,All,11/12/2025,A14,,Patricia Ray,Continential,,,JV Tract,2174/154,1.686,0.00439,0.00351,1/5,0.2,1920,A14,13-15N-19W,24-15N-19W,25-15N-19W,8.43,,Drillable,
456,151911WL16,Ostrich JV,Oklahoma,Custer,NE4NW4,11,15N,19W,40,OGM,0.20,2.41,3,All,12/2/2025,648,,William O. Ray,Bill,,,JV Tract,2172/139,0.482,0.00188,0.00151,1/5,0.2,1280,648,2-15N-19W,,11-15N-19W,2.41,,Potential Drillable,
457,141720WL07,Ostrich JV,Oklahoma,Custer,"E2SW4, W2SE4",20,14N,17W,160,OGM,0.20,5,3,All,11/25/2025,1080,,George Wheeler Lowry Living Trust,Bill,,,JV Tract,2173/278,1,0.00391,0.00313,1/5,0.2,1280,1080,20-14N-17W,,29-14N-17W,5,,Drillable,
458,141729WL07,Ostrich JV,Oklahoma,Custer,"W2NE4, E2NW4",29,14N,17W,160,OGM,0.20,5,3,All,11/25/2025,1080,,George Wheeler Lowry Living Trust,Bill,,,JV Tract,2173/272,1,0.00391,0.00313,1/5,0.2,1280,1080,20-14N-17W,,29-14N-17W,5,,Drillable,
459,141729WL11,Ostrich JV,Oklahoma,Custer,E2NE4,29,14N,17W,80,OGM,0.20,1.67,3,All,12/12/2025,1080,,Jordan Huchingson,Bill,,,JV Tract,2174/714,0.334,0.00130,0.00104,1/5,0.2,1280,1080,20-14N-17W,,29-14N-17W,1.67,,Drillable,
460,141720WL11,Ostrich JV,Oklahoma,Custer,E2SE4,20,14N,17W,80,OGM,0.20,1.67,3,All,12/12/2025,1080,,Jordan Huchingson,Bill,,,JV Tract,2174/719,0.334,0.00130,0.00104,1/5,0.2,1280,1080,20-14N-17W,,29-14N-17W,1.67,,Drillable,
461,141729WL01,Ostrich JV,Oklahoma,Custer,E2NE4,29,14N,17W,80,OGM,0.20,1.67,3,All,12/12/2025,1080,,Brittany Huchingson,Bill,,,JV Tract,,0.334,0.00130,0.00104,1/5,0.2,1280,1080,20-14N-17W,,29-14N-17W,1.67,,Drillable,
462,141720WL02,Ostrich JV,Oklahoma,Custer,E2SE4,20,14N,17W,80,OGM,0.20,1.67,3,All,12/12/2025,1080,,Brittany Huchingson,Bill,,,JV Tract,,0.334,0.00130,0.00104,1/5,0.2,1280,1080,20-14N-17W,,29-14N-17W,1.67,,Drillable,
469,141729WL17,Ostrich JV,Oklahoma,Custer,E2SE4,29,14N,17W,80,OGM,0.20,5,3,All,11/13/2025,1080,,Stacey M. Canant,Bill,,,JV Tract,2173/289,1,0.00391,0.00313,1/5,0.2,1280,1080,20-14N-17W,,29-14N-17W,5,,Drillable,
470,141729WL05,Ostrich JV,Oklahoma,Custer,E2NE4,29,14N,17W,80,OGM,0.20,1.67,3,All,12/12/2025,1080,,Ebony Knight,Bill,,,JV Tract,2172/129,0.334,0.00130,0.00104,1/5,0.2,1280,1080,20-14N-17W,,29-14N-17W,1.67,,Drillable,
471,141720WL06,Ostrich JV,Oklahoma,Custer,E2SE4,20,14N,17W,80,OGM,0.20,1.67,3,All,12/12/2025,1080,,Ebony Knight,Bill,,,JV Tract,2172/134,0.334,0.00130,0.00104,1/5,0.2,1280,1080,20-14N-17W,,29-14N-17W,1.67,,Drillable,
474,151925WL03,Ostrich JV,Oklahoma,Custer,"NE4, NE4NW4, NW4SE4",25,15N,19W,240,OGM,0.20,4,3,All,12/16/2025,A14,,Christopher J. Cavanaugh,Bill,,,JV Tract,2172/147,0.8,0.00208,0.00167,1/5,0.2,1920,A14,13-15N-19W,24-15N-19W,25-15N-19W,4,,Drillable,
475,141720WL21,Ostrich JV,Oklahoma,Custer,"E2SW4, W2SE4",20,14N,17W,160,OGM,0.20,5,3,All,12/12/2025,1080,,Sally L. Sappington,Bill,,,JV Tract,2173/284,1,0.00391,0.00313,1/5,0.2,1280,1080,20-14N-17W,,29-14N-17W,5,,Drillable,
478,151925WL19,Ostrich JV,Oklahoma,Custer,"W2NW4, N2SW4, SE4NW4",25,15N,19W,200,OGM,0.20,5,3,All,12/16/2025,A14,,"MT Layton, LLC",Bill,,,JV Tract,,1,0.00260,0.00208,1/5,0.2,1920,A14,13-15N-19W,24-15N-19W,25-15N-19W,5,,Drillable,
486,151925WL10,Ostrich JV,Oklahoma,Custer,"W2NE4, NE4NW4, SE4SW4, W2SE4",25,15N,19W,240,OGM,0.20,16.85,3,All,11/12/2025,A14,,Johnny Ray,Continential,,,JV Tract,,3.37,0.00878,0.00702,1/5,0.2,1920,A14,13-15N-19W,24-15N-19W,25-15N-19W,16.85,,Drillable,
487,151911WL08,Ostrich JV,Oklahoma,Custer,NE4NW4,11,15N,19W,40,OGM,0.20,2.41,3,All,11/12/2025,648,,Johnny Ray,Continential,,,JV Tract,,0.482,0.00188,0.00151,1/5,0.2,1280,648,2-15N-19W,,11-15N-19W,2.41,,Potential Drillable,
488,151924WL05,Ostrich JV,Oklahoma,Custer,NE4,24,15N,19W,160,OGM,0.20,3,3,All,12/22/2025,A14,,"Guest PS Investments, LLC",Bill,,,JV Tract,,0.6,0.00156,0.00125,1/5,0.2,1920,A14,13-15N-19W,24-15N-19W,25-15N-19W,3,,Drillable,
490,141729WL10,Ostrich JV,Oklahoma,Custer,"W2W2, NE4SW4",29,14N,17W,200,OGM,0.20,3.7,3,All,11/24/2025,1080,,John D. Coleman Mineral Trust dated 2/17/2007,Bill,,,JV Tract,2173/314,0.74,0.00289,0.00231,1/5,0.2,1280,1080,20-14N-17W,,29-14N-17W,3.7,,Drillable,
491,141720WL10,Ostrich JV,Oklahoma,Custer,"S2NW4, W2SW4",20,14N,17W,160,OGM,0.20,2.96,3,All,11/24/2025,1080,,John D. Coleman Mineral Trust dated 2/17/2007,Bill,,,JV Tract,2173/294,0.592,0.00231,0.00185,1/5,0.2,1280,1080,20-14N-17W,,29-14N-17W,2.96,,Drillable,
500,151911WL11,Ostrich JV,Oklahoma,Custer,NE4NW4,11,15N,19W,40,OGM,0.20,2.41,3,All,12/22/2025,648,,"Mickey's Nest, LLC",Continential,,,JV Tract,,0.482,0.00188,0.00151,1/5,0.2,1280,648,2-15N-19W,,11-15N-19W,2.41,,Potential Drillable,
517,141729WL15,Ostrich JV,Oklahoma,Custer,E2SE4,29,14N,17W,80,OGM,0.20,3.33,3,All,1/6/2026,1080,,Penny Lynn Boyles,Bill,,,JV Tract,,0.666,0.00260,0.00208,1/5,0.2,1280,1080,20-14N-17W,,29-14N-17W,3.33,,Drillable,
525,141720WL26,Ostrich JV,Oklahoma,Custer,N2NW4,20,14N,17W,80,OGM,0.20,8,3,All,1/14/2026,1080,,William Jeffrey Hill,Bill,,,JV Tract,,1.6,0.00625,0.00500,1/5,0.2,1280,1080,20-14N-17W,,29-14N-17W,,,Drillable,
527,141729WL14,OLS_Cinco,Oklahoma,Custer,E2NE4,29,14N,17W,80,OGM,0.20,1.67,3,All,12/12/2025,1080,,Mickel Da'Wayne Knight,Bill,,,,,0.334,0.00130,0.00104,1/5,0.2,1280,1080,20-14N-17W,,29-14N-17W,,29-14N-17W,,
528,141720WL20,OLS_Cinco,Oklahoma,Custer,E2SE4,20,14N,17W,80,OGM,0.20,1.67,3,All,12/12/2025,1080,,Mickel Da'Wayne Knight,Bill,,,,,0.334,0.00130,0.00104,1/5,0.2,1280,1080,20-14N-17W,,29-14N-17W,,20-14N-17W,,
530,141720WL13,OLS_Cinco,Oklahoma,Custer,"E2SW4, W2SE4",20,14N,17W,160,OGM,0.20,5,3,All,1/23/2026,1080,,Lacy Leigh Lowry Living Trust,Bill,,,,,1,0.00391,0.00313,1/5,0.2,1280,1080,20-14N-17W,,29-14N-17W,,20-14N-17W,,
531,141729WL13,OLS_Cinco,Oklahoma,Custer,"W2NE4, E2NW4",29,14N,17W,160,OGM,0.20,5,3,All,1/23/2026,1080,,Lacy Leigh Lowry Living Trust,Bill,,,,,1,0.00391,0.00313,1/5,0.2,1280,1080,20-14N-17W,,29-14N-17W,,29-14N-17W,,
537,151911WL15,OLS_Cinco,Oklahoma,Custer,"NE4, NE4NW4",11,15N,19W,200,OGM,0.20,37.74,3,All,2/23/2026,648,,"Vesta, LP",Bill,,,,2184/765,7.548,0.02948,0.02359,1/5,0.2,1280,648,2-15N-19W,,11-15N-19W,,11-15N-19W,,
538,151722WL04,OLS_Cinco,Oklahoma,Custer,SW4,22,15N,17W,160,OGM,0.20,10,3,Below Cottage Grove,2/23/2026,902,,"Muno Land, LLC",Wendy,,,,2184/770,2,0.00781,0.00625,1/5,0.2,1280,902,15-15N-17W,,22-15N-17W,,22-15N-17W,,
539,151722WL01,OLS_Cinco,Oklahoma,Custer,SW4,22,15N,17W,160,OGM,0.20,13.33,3,Below Cottage Grove,2/26/2026,902,,Deborah Dawn Covalt,Wendy,,,,,2.666,0.01041,0.00833,1/5,0.2,1280,902,15-15N-17W,,22-15N-17W,,22-15N-17W,,
540,151722WL03,OLS_Cinco,Oklahoma,Custer,SW4,22,15N,17W,160,OGM,0.20,13.33,3,Below Cottage Grove,2/26/2026,902,,Michelle Kris Titus,Wendy,,,,,2.666,0.01041,0.00833,1/5,0.2,1280,902,15-15N-17W,,22-15N-17W,,22-15N-17W,,
542,121931WL03,OLS_Cinco,Oklahoma,Custer,E2NE4,31,12N,19W,80,OGM,0.19,17.48,3,All,3/10/2026,1075,,"Redwood Energy Partners, LLC",Marcus/Casey,,,,,3.2775,0.01366,0.01110,3/16,0.1875,1280,1075,30-12N-19W,,31-12N-19W,,31-12N-19W,,
"5,001",172026WL01,DEH_Cinco,Oklahoma,Dewey,,26,17N,20W,,OGM,0.20,560,3,,2/27/2026,A40,,Dixie L. Arnold Trust,,,,,,112,0.43750,0.35000,1/5,0.2,1280,A40,26-17N-20W,,35-17N-20W,,26-17N-20W,,
"5,002",172035WL01,DEH_Cinco,Oklahoma,Dewey,,35,17N,20W,,OGM,0.20,106.666667,3,,2/27/2026,A40,,Dixie L. Arnold Trust,,,,,,21.3333334,0.08333,0.06667,1/5,0.2,1280,A40,26-17N-20W,,35-17N-20W,,35-17N-20W,,
"5,003",,DEH_Cinco,Oklahoma,Custer,,1,14N,17W,,OGM,0.20,132.4019,HBP,,,522,,Comanche Exploration Company,,,,,,25.9427356,0.06896,0.05545,80.41%,0.20,1920,522,1-14N-17W,12-14N-17W,13-14N-17W,,1-14N-17W,,
"5,004",,DEH_Cinco,Oklahoma,Custer,,12,14N,17W,,OGM,0.20,152.32,HBP,,,522,,Comanche Exploration Company,,,,,,30.08035162,0.07933,0.06367,80.25%,0.20,1920,522,1-14N-17W,12-14N-17W,13-14N-17W,,12-14N-17W,,
"1,001",111903WL01,Moon_Casey,Oklahoma,Washita,All,3,11N,19W,640,OGM,0.22,260.32,3,All,12/23/2024,1065,,"Cherokee Moon, LLC",Casey/Marcus,,,,,55.9688,0.20338,0.15965,78.50%,0.22,1280,1065,3-11N-19W,,10-11N-19W,260.32,,Drillable,
"1,002",111904WL01,Moon_Casey,Oklahoma,Washita,All,4,11N,19W,640,OGM,0.22,73.32,3,All,2/1/2025,5,,"Cherokee Moon, LLC",Casey/Marcus,"Crawley Spacing, LE- 2/18/25",,,,15.7638,0.05728,0.04497,78.50%,0.22,1280,5,33-12N-19W,,4-11N-19W,73.32,,Non-Op,
"1,003",111905WL01,Moon_Casey,Oklahoma,Washita,All,5,11N,19W,640,OGM,0.22,140.66,3,All,12/26/2024,4,,"Cherokee Moon, LLC",Casey/Marcus,"Crawley Spacing, LE- 2/18/25",,,,30.2419,0.10989,0.08626,78.50%,0.22,1280,4,32-12N-19W,,5-11N-19W,140.66,,Potential Drillable,
"1,004",111908WL01,Moon_Casey,Oklahoma,Washita,All,8,11N,19W,640,OGM,0.22,128.97,3,All,2/1/2025,1067,,"Cherokee Moon, LLC",Casey/Marcus,,,,,27.72855,0.10076,0.07909,78.50%,0.22,1280,1067,8-11N-19W,,17-11N-19W,128.97,,Potential Drillable,
"1,005",111909WL01,Moon_Casey,Oklahoma,Washita,All,9,11N,19W,640,OGM,0.22,98.5,3,All,2/1/2025,1066,,"Cherokee Moon, LLC",Casey/Marcus,,,,,21.1775,0.07695,0.06041,78.50%,0.22,1280,1066,9-11N-19W,,16-11N-19W,98.5,,Drillable,
"1,006",111910WL01,Moon_Casey,Oklahoma,Washita,All,10,11N,19W,640,OGM,0.22,210,HBP,All,,1065,,"Cherokee Moon, LLC",Casey/Marcus,,,,,45.15,0.16406,0.12879,78.50%,0.22,1280,1065,3-11N-19W,,10-11N-19W,210,,Drillable,
"1,007",111916WL01,Moon_Casey,Oklahoma,Washita,All,16,11N,19W,640,OGM,0.22,171.82,3,All,6/17/2025,1066,,"Cherokee Moon, LLC",Casey/Marcus,,,,,36.9413,0.13423,0.10537,78.50%,0.22,1280,1066,9-11N-19W,,16-11N-19W,171.82,,Drillable,
"1,008",111917WL01,Moon_Casey,Oklahoma,Washita,All,17,11N,19W,640,OGM,0.22,44.85,3,All,6/1/2025,1067,,"Cherokee Moon, LLC",Casey/Marcus,,,,,9.64275,0.03504,0.02751,78.50%,0.22,1280,1067,8-11N-19W,,17-11N-19W,44.85,,Potential Drillable,
"1,009",121927WL01,Moon_Casey,Oklahoma,Custer,All,27,12N,19W,640,OGM,0.22,15,3,All,1/29/2025,12,,"Cherokee Moon, LLC",Casey/Marcus,"Crawley Spacing, LE- 2/20/25",,,,3.225,0.01172,0.00920,78.50%,0.22,1280,12,27-12N-19W,,34-12N-19W,15,,Non-Op,
"1,010",121930WL01,Moon_Casey,Oklahoma,Custer,All,30,12N,19W,640,OGM,0.22,290,3,All,5/1/2025,1075,,"Cherokee Moon, LLC",Casey/Marcus,,,,,62.35,0.22656,0.17785,78.50%,0.22,1280,1075,30-12N-19W,,31-12N-19W,290,,Drillable,
"1,011",121931WL01,Moon_Casey,Oklahoma,Custer,All,31,12N,19W,640,OGM,0.22,44.63,3,All,2/28/2025,1075,,"Cherokee Moon, LLC",Casey/Marcus,,,,,9.59545,0.03487,0.02737,78.50%,0.22,1280,1075,30-12N-19W,,31-12N-19W,44.63,,Drillable,
"1,012",121932WL01,Moon_Casey,Oklahoma,Custer,All,32,12N,19W,640,OGM,0.22,15.01,3,All,12/15/2024,4,,"Cherokee Moon, LLC",Casey/Marcus,"Crawley Spacing, LE- 2/18/25",,,,3.22715,0.01173,0.00921,78.50%,0.22,1280,4,32-12N-19W,,5-11N-19W,15.01,,Potential Drillable,
"1,013",121933WL01,Moon_Casey,Oklahoma,Custer,All,33,12N,19W,640,OGM,0.22,7.2,3,All,12/15/2024,5,,"Cherokee Moon, LLC",Casey/Marcus,"Crawley Spacing, LE- 2/18/25",,,,1.548,0.00563,0.00442,78.50%,0.22,1280,5,33-12N-19W,,4-11N-19W,7.2,,Non-Op,
"1,014",121934WL01,Moon_Casey,Oklahoma,Custer,All,34,12N,19W,640,OGM,0.22,97.65,3,All,4/1/2025,12,,"Cherokee Moon, LLC",Casey/Marcus,"Crawley Spacing, LE- 2/20/25",,,,20.99475,0.07629,0.05989,78.50%,0.22,1280,12,27-12N-19W,,34-12N-19W,97.65,,Non-Op,
"1,015",121935WL01,Moon_Casey,Oklahoma,Custer,All,35,12N,19W,640,OGM,0.22,45,3,All,5/3/2025,11,,"Cherokee Moon, LLC",Casey/Marcus,"Crawley Spacing, LE- 2/20/25",,,,9.675,0.03516,0.02760,78.50%,0.22,1280,11,26-12N-19W,,35-12N-19W,45,,Non-Op,
"1,016",111910WL03,Moon_Casey,Oklahoma,Washita,All,10,11N,19W,640,OGM,0.22,15,HBP,All,,1065,,"Silver Oak Natural Resources, LLC",Casey/Marcus,,,,,3.225,0.01172,0.00920,78.50%,0.22,1280,1065,3-11N-19W,,10-11N-19W,15,,Drillable,
"1,017",121930WL04,Moon_Casey,Oklahoma,Custer,All,30,12N,19W,640,OGM,0.22,6.25,3,All,5/1/2025,1075,,"White Oak Resources, LLC",Casey/Marcus,,,,,1.34375,0.00488,0.00383,78.50%,0.22,1280,1075,30-12N-19W,,31-12N-19W,6.25,,Drillable,
"1,018",111916WL03,Moon_Casey,Oklahoma,Washita,All,16,11N,19W,640,OGM,0.22,15,3,All,6/17/2025,1066,,"Silver Oak Natural Resources, LLC",Casey/Marcus,,,,,3.225,0.01172,0.00920,78.50%,0.22,1280,1066,9-11N-19W,,16-11N-19W,15,,Drillable,
"1,019",121931WL05,Moon_Casey,Oklahoma,Custer,All,31,12N,19W,640,OGM,0.22,2,3,All,2/28/2025,1075,,"White Oak Resources, LLC",Casey/Marcus,,,,,0.43,0.00156,0.00123,78.50%,0.22,1280,1075,30-12N-19W,,31-12N-19W,2,,Drillable,
"1,020",121930WL03,Moon_Casey,Oklahoma,Custer,All,30,12N,19W,640,OGM,0.22,6.25,3,All,5/1/2025,1075,,"Silver Oak Natural Resources, LLC",Casey/Marcus,,,,,1.34375,0.00488,0.00383,78.50%,0.22,1280,1075,30-12N-19W,,31-12N-19W,6.25,,Drillable,
"1,021",121931WL04,Moon_Casey,Oklahoma,Custer,All,31,12N,19W,640,OGM,0.22,2,3,All,2/28/2025,1075,,"Silver Oak Natural Resources, LLC",Casey/Marcus,,,,,0.43,0.00156,0.00123,78.50%,0.22,1280,1075,30-12N-19W,,31-12N-19W,2,,Drillable,
"1,022",131916WL02,Moon_Casey,Oklahoma,Custer,All,16,13N,19W,640,OGM,0.25,41.25,3,All,7/10/2025,53,,"Hunter Miller Family, LLC",Casey/Marcus,Nadel & Gussman Filings12/17/25,,,,10.3125,0.03223,0.02417,75.00%,0.25,1280,53,16-13N-19W,,21-13N-19W,41.25,,Non-Op,
"1,023",131920WL03,Moon_Casey,Oklahoma,Custer,All,20,13N,19W,640,OGM,0.19,70,3,All,7/3/2025,1078,,"Hunter Miller Family, LLC",Casey/Marcus,,,,,13.125,0.05469,0.04443,81.25%,0.19,1280,1078,17-13N-19W,,20-13N-19W,70,,Non-Op,
"1,024",131921WL03,Moon_Casey,Oklahoma,Custer,All,21,13N,19W,640,OGM,0.19,4,3,All,7/3/2025,53,,"Hunter Miller Family, LLC",Casey/Marcus,"Kaiser Francis MU, LE-6/13/25",,,,0.75,0.00313,0.00254,81.25%,0.19,1280,53,16-13N-19W,,21-13N-19W,4,,Non-Op,
"1,025",131923WL04,Moon_Casey,Oklahoma,Custer,All,23,13N,19W,640,OGM,0.19,15,3,All,2/25/2025,21,,"Hunter Miller Family, LLC",Casey/Marcus,,,,,2.8125,0.01172,0.00952,81.25%,0.19,1280,21,14-13N-19W,,23-13N-19W,15,,Drillable,
"1,026",131914WL04,Moon_Casey,Oklahoma,Custer,All,14,13N,19W,640,OGM,0.19,10,3,All,5/19/2025,21,,"Hunter Miller Family, LLC",Casey/Marcus,,,,,1.875,0.00781,0.00635,81.25%,0.19,1280,21,14-13N-19W,,23-13N-19W,10,,Drillable,
"1,027",131914WL01,Moon_Casey,Oklahoma,Custer,All,14,13N,19W,640,OGM,0.22,118.719,3,All,2/22/2024,21,,"Cherokee Moon, LLC",Casey/Marcus,,,,,26.11818,0.09275,0.07234,78%,0.22,1280,21,14-13N-19W,,23-13N-19W,131.91,,Drillable,
"1,028",131922WL01,Moon_Casey,Oklahoma,Custer,All,22,13N,19W,640,OGM,0.22,176.607,3,All,12/14/2023,851,,"Cherokee Moon, LLC",Casey/Marcus,,,,,38.85354,0.09198,0.07175,78%,0.22,1920,851,22-13N-19W,27-13N-19W,34-13N-19W,196.23,,Drillable,
"1,029",131923WL01,Moon_Casey,Oklahoma,Custer,All,23,13N,19W,640,OGM,0.22,63,3,All,3/5/2024,21,,"Cherokee Moon, LLC",Casey/Marcus,,,,,13.86,0.04922,0.03839,78%,0.22,1280,21,14-13N-19W,,23-13N-19W,70,,Drillable,
"1,030",131927WL01,Moon_Casey,Oklahoma,Custer,All,27,13N,19W,640,OGM,0.22,207,3,All,2/1/2024,851,,"Cherokee Moon, LLC",Casey/Marcus,,,,,45.54,0.10781,0.08409,78%,0.22,1920,851,22-13N-19W,27-13N-19W,34-13N-19W,230,,Drillable,
"1,031",131934WL01,Moon_Casey,Oklahoma,Custer,All,34,13N,19W,640,OGM,0.22,53.973,3,All,6/1/2024,851,,"Cherokee Moon, LLC",Casey/Marcus,,,,,11.87406,0.02811,0.02193,78%,0.22,1920,851,22-13N-19W,27-13N-19W,34-13N-19W,59.97,,Drillable,
"1,032",131924WL01,Moon_Casey,Oklahoma,Custer,All,24,13N,19W,640,OGM,0.22,66.67,3,All,5/1/2024,640,,"Cherokee Moon, LLC",Casey/Marcus,,,,,14.6674,0.05209,0.04063,78%,0.22,1280,640,13-13N-19W,,24-13N-19W,66.67,,Non-Op,
"1,033",141815WL05,Moon_Casey,Oklahoma,Custer,All,15,14N,18W,640,OGM,0.20,60,3,All,7/24/2025,A26,,"Silver Oak Natural Resources, LLC",Casey/Marcus,,,,,12,0.04688,0.03750,80%,0.20,1280,A26,15-14N-18W,,22-14N-18W,60,,Drillable,
"1,034",141822WL05,Moon_Casey,Oklahoma,Custer,All,22,14N,18W,640,OGM,0.20,120,3,All,7/24/2025,A26,,"Silver Oak Natural Resources, LLC",Casey/Marcus,,,,,24,0.09375,0.07500,80%,0.20,1280,A26,15-14N-18W,,22-14N-18W,120,,Drillable,
"1,035",141823WL05,Moon_Casey,Oklahoma,Custer,All,23,14N,18W,640,OGM,0.20,12.19,3,All,7/24/2025,1083,,"Silver Oak Natural Resources, LLC",Casey/Marcus,,,,,2.438,0.00952,0.00762,80%,0.20,1280,1083,14-14N-18W,,23-14N-18W,12.19,,Potential Drillable,
"1,036",141824WL03,Moon_Casey,Oklahoma,Custer,All,24,14N,18W,640,OGM,0.20,11.25,3,All,7/24/2025,A15,,"Silver Oak Natural Resources, LLC",Casey/Marcus,,,,,2.25,0.00879,0.00703,80%,0.20,1280,A15,13-14N-18W,,24-14N-18W,11.25,,Potential Drillable,
"1,037",121903WL01,Moon_Casey,Oklahoma,Custer,All,3,12N,19W,640,OGM,0.22,184.13,3,All,2/17/2025,852,,"Cherokee Moon, LLC",Casey/Marcus,,,,,40.5086,0.14385,0.11220,78%,0.22,1280,852,3-12N-19W,,10-12N-19W,184.13,,Drillable,
"1,038",121904WL01,Moon_Casey,Oklahoma,Custer,All,4,12N,19W,640,OGM,0.22,165.57,3,All,7/8/2024,1072,,"Cherokee Moon, LLC",Casey/Marcus,,,,,36.4254,0.13250,0.10335,78%,0.22,1249.62,1072,4-12N-19W,,9-12N-19W,165.57,,Drillable,
"1,039",121909WL01,Moon_Casey,Oklahoma,Custer,All,9,12N,19W,640,OGM,0.22,165.14,3,All,10/28/2024,1072,,"Cherokee Moon, LLC",Casey/Marcus,,,,,36.3308,0.13215,0.10308,78%,0.22,1249.62,1072,4-12N-19W,,9-12N-19W,165.14,,Drillable,
"1,040",121910WL01,Moon_Casey,Oklahoma,Custer,All,10,12N,19W,640,OGM,0.22,182.05,3,All,2/17/2025,852,,"Cherokee Moon, LLC",Casey/Marcus,,,,,40.051,0.14223,0.11094,78%,0.22,1280,852,3-12N-19W,,10-12N-19W,182.05,,Drillable,
"1,041",121915WL02,Moon_Casey,Oklahoma,Custer,All,15,12N,19W,640,OGM,0.22,160,3,All,11/1/2024,1076,,"Hunter Miller Family, LLC",Casey/Marcus,,,,,35.2,0.12500,0.09750,78%,0.22,1280,1076,15-12N-19W,,22-12N-19W,160,,Potential Drillable,
"1,042",121911WL02,Moon_Casey,Oklahoma,Custer,All,11,12N,19W,640,OGM,0.22,185,3,All,11/1/2024,1070,,"Hunter Miller Family, LLC",Casey/Marcus,,,,,40.7,0.14453,0.11273,78%,0.22,1280,1070,2-12N-19W,,11-12N-19W,185,,Potential Drillable,
"1,043",121926WL02,Moon_Casey,Oklahoma,Custer,All,26,12N,19W,640,OGM,0.21,20,3,All,10/28/2024,11,,"Hunter Miller Family, LLC",Casey/Marcus,"Crawley Spacing, LE- 2/20/25",,,,4.2,0.01563,0.01234,79%,0.21,1280,11,26-12N-19W,,35-12N-19W,20,,Non-Op,
"1,044",121935WL04,Moon_Casey,Oklahoma,Custer,All,35,12N,19W,640,OGM,0.21,60,3,All,10/28/2024,11,,"Hunter Miller Family, LLC",Casey/Marcus,"Crawley Spacing, LE- 2/20/25",,,,12.6,0.04688,0.03703,79%,0.21,1280,11,26-12N-19W,,35-12N-19W,60,,Non-Op,
"1,045",121904WL04,Moon_Casey,Oklahoma,Custer,All,4,12N,19W,640,OGM,0.21,20,3,All,10/28/2024,1072,,"Hunter Miller Family, LLC",Casey/Marcus,,,,,4.2,0.01600,0.01264,79%,0.21,1249.62,1072,4-12N-19W,,9-12N-19W,20,,Drillable,
"1,046",131923WL05,Moon_Casey,Oklahoma,Custer,All,23,13N,19W,640,OGM,0.20,117.93,3+2,All,7/17/2023,21,,"Hunter Miller Family, LLC",Casey/Marcus,,,,,23.739309,0.09213,0.07359,79.87%,0.20,1280,21,14-13N-19W,,23-13N-19W,117.93,,Drillable,
"1,047",131933WL02,Moon_Casey,Oklahoma,Custer,All,33,13N,19W,640,OGM,0.20,45.14,3+2,All,9/1/2023,627,,"Hunter Miller Family, LLC",Casey/Marcus,,,,,8.91515,0.03527,0.02830,80.25%,0.20,1280,627,28-13N-19W,,33-13N-19W,45.14,,Non-Op,
"1,048",131819WL02,Moon_Casey,Oklahoma,Custer,All,19,13N,18W,640,OGM,0.21,241.9,3,All,10/3/2024,1077,,"Hunter Miller Family, LLC",Casey/Marcus,,,,,50.799,0.12599,0.09953,79%,0.21,1920,1077,19-13N-18W,30-13N-18W,31-13N-18W,241.9,,Drillable,
"1,049",121830WL02,Moon_Casey,Oklahoma,Custer,All,30,12N,18W,640,OGM,0.21,5.38,3,All,10/28/2024,57,,"Hunter Miller Family, LLC",Casey/Marcus,Crawley & Reign- Spacing 10/31/25,,,,1.1298,0.00420,0.00332,79%,0.21,1280,57,19-12N-18W,,30-12N-18W,5.38,,Non-Op,
"1,050",131914WL05,Moon_Casey,Oklahoma,Custer,All,14,13N,19W,640,OGM,0.19,61.52,3+2,All,7/5/2023,21,,"Hunter Miller Family, LLC",Casey/Marcus,,,,,11.535,0.04806,0.03905,81.25%,0.19,1280,21,14-13N-19W,,23-13N-19W,61.52,,Drillable,
"1,051",131920WL04,Moon_Casey,Oklahoma,Custer,All,20,13N,19W,640,OGM,0.20,30.87,3+2,All,8/11/2023,1078,,"Hunter Miller Family, LLC",Casey/Marcus,,,,,6.174,0.02412,0.01929,80%,0.20,1280,1078,17-13N-19W,,20-13N-19W,30.87,,Non-Op,
"1,052",131921WL04,Moon_Casey,Oklahoma,Custer,All,21,13N,19W,640,OGM,0.20,45.23,3+2,All,8/11/2023,53,,"Hunter Miller Family, LLC",Casey/Marcus,"Kaiser Francis MU, LE-6/13/25",,,,9.046,0.03534,0.02827,80%,0.20,1280,53,16-13N-19W,,21-13N-19W,45.23,,Non-Op,
"1,053",131922WL04,Moon_Casey,Oklahoma,Custer,All,22,13N,19W,640,OGM,0.19,1.78,3+2,All,9/8/2023,851,,"Hunter Miller Family, LLC",Casey/Marcus,,,,,0.33375,0.00093,0.00075,81.25%,0.19,1920,851,22-13N-19W,27-13N-19W,34-13N-19W,1.78,,Drillable,
"1,054",131924WL04,Moon_Casey,Oklahoma,Custer,All,24,13N,19W,640,OGM,0.20,30.19,3+2,All,9/14/2023,640,,"Hunter Miller Family, LLC",Casey/Marcus,,,,,6.038,0.02359,0.01887,80%,0.20,1280,640,13-13N-19W,,24-13N-19W,30.19,,Non-Op,
"1,055",131926WL02,Moon_Casey,Oklahoma,Custer,All,26,13N,19W,640,OGM,0.19,53.23,3+2,All,9/7/2023,573,,"Hunter Miller Family, LLC",Casey/Marcus,,,,,9.980625,0.04159,0.03379,81.25%,0.19,1280,573,26-13N-19W,,35-13N-19W,53.23,,Non-Op,
"1,056",141815WL03,Moon_Casey,Oklahoma,Custer,All,15,14N,18W,640,OGM,0.19,53.33,3,All,9/23/2024,A26,,"Hunter Miller Family, LLC",Casey/Marcus,,,,,9.999375,0.04166,0.03385,81.25%,0.19,1280,A26,15-14N-18W,,22-14N-18W,53.33,,Drillable,
"1,057",141822WL03,Moon_Casey,Oklahoma,Custer,All,22,14N,18W,640,OGM,0.19,13.33,3,All,9/23/2024,A26,,"Hunter Miller Family, LLC",Casey/Marcus,,,,,2.499375,0.01041,0.00846,81.25%,0.19,1280,A26,15-14N-18W,,22-14N-18W,13.33,,Drillable,
"1,058",141823WL03,Moon_Casey,Oklahoma,Custer,All,23,14N,18W,640,OGM,0.19,20,3,All,9/23/2024,1083,,"Hunter Miller Family, LLC",Casey/Marcus,,,,,3.75,0.01563,0.01270,81.25%,0.19,1280,1083,14-14N-18W,,23-14N-18W,20,,Potential Drillable,
"1,059",141815WL04,Moon_Casey,Oklahoma,Custer,All,15,14N,18W,640,OGM,0.20,35.56,3,All,12/3/2025,A26,,"Hunter Miller Family, LLC",Casey/Marcus,,,,,7.112,0.02778,0.02223,80%,0.20,1280,A26,15-14N-18W,,22-14N-18W,35.56,,Drillable,
"1,060",141822WL04,Moon_Casey,Oklahoma,Custer,All,22,14N,18W,640,OGM,0.20,8.89,3,All,12/3/2025,A26,,"Hunter Miller Family, LLC",Casey/Marcus,,,,,1.778,0.00695,0.00556,80%,0.20,1280,A26,15-14N-18W,,22-14N-18W,8.89,,Drillable,
"1,061",141823WL04,Moon_Casey,Oklahoma,Custer,All,23,14N,18W,640,OGM,0.20,13.33,3,All,12/3/2025,1083,,"Hunter Miller Family, LLC",Casey/Marcus,,,,,2.666,0.01041,0.00833,80%,0.20,1280,1083,14-14N-18W,,23-14N-18W,13.33,,Potential Drillable,
"1,062",141729WL09,Moon_Casey,Oklahoma,Custer,All,29,14N,17W,640,OGM,0.20,11.11,3,All,12/3/2025,1080,,"Hunter Miller Family, LLC",Casey/Marcus,,,,,2.222,0.00868,0.00694,80%,0.20,1280,1080,20-14N-17W,,29-14N-17W,11.11,,Drillable,
"1,063",131830WL03,Moon_Casey,Oklahoma,Custer,All,30,13N,18W,640,OGM,0.22,161.35,HBP,All,,1077,,"Slayton Resources, LLC",Casey/Marcus,,,,,35.222705,0.08404,0.06569,78.17%,0.22,1920,1077,19-13N-18W,30-13N-18W,31-13N-18W,161.35,,Drillable,
"1,064",131831WL03,Moon_Casey,Oklahoma,Custer,All,31,13N,18W,640,OGM,0.22,81.39,HBP,All,,1077,,"Slayton Resources, LLC",Casey/Marcus,,,,,17.767437,0.04239,0.03314,78.17%,0.22,1920,1077,19-13N-18W,30-13N-18W,31-13N-18W,81.39,,Drillable,
"1,065",151911WL06,Moon_Casey,Oklahoma,Custer,All,11,15N,19W,640,OGM,0.20,12.5,3,All,12/3/2025,648,,"Hunter Miller Family, LLC",Casey/Marcus,,,,,2.5,0.00977,0.00781,80%,0.20,1280,648,2-15N-19W,,11-15N-19W,12.5,,Potential Drillable,
"1,066",151913WL04,Moon_Casey,Oklahoma,Custer,All,13,15N,19W,640,OGM,0.20,5,3,All,12/3/2025,A14,,"Hunter Miller Family, LLC",Casey/Marcus,,,,,1,0.00260,0.00208,80%,0.20,1920,A14,13-15N-19W,24-15N-19W,25-15N-19W,5,,Drillable,
"1,067",151924WL08,Moon_Casey,Oklahoma,Custer,All,24,15N,19W,640,OGM,0.20,5,3,All,12/3/2025,A14,,"Hunter Miller Family, LLC",Casey/Marcus,,,,,1,0.00260,0.00208,80%,0.20,1920,A14,13-15N-19W,24-15N-19W,25-15N-19W,5,,Drillable,
"1,068",151830WL01,Moon_Casey,Oklahoma,Custer,All,30,15N,18W,640,OGM,0.20,10,3,All,12/3/2025,1333,,"Hunter Miller Family, LLC",Casey/Marcus,,,,,2,0.00781,0.00625,80%,0.20,1280,1333,19-15N-18W,,30-15N-18W,10,,Non-Op,
"1,069",131830WL02,Moon_Casey,Oklahoma,Custer,All,30,13N,18W,640,OGM,0.22,80.68,HBP,All,1/7/2026,1077,,"Hunter Miller Family, LLC",Casey/Marcus,,,,,17.612444,0.04202,0.03285,78.17%,0.22,1920,1077,19-13N-18W,30-13N-18W,31-13N-18W,80.68,,Drillable,
"1,070",131831WL02,Moon_Casey,Oklahoma,Custer,All,31,13N,18W,640,OGM,0.22,40.69,HBP,All,1/7/2026,1077,,"Hunter Miller Family, LLC",Casey/Marcus,,,,,8.882627,0.02119,0.01657,78.17%,0.22,1920,1077,19-13N-18W,30-13N-18W,31-13N-18W,40.69,,Drillable,
"1,071",131706WL01,Moon_Casey,Oklahoma,Custer,All,6,13N,17W,640,OGM,0.21,205.4,3,All,2/15/2025,651,,"Redhawk Resources, LLC",Casey/Marcus,,,,,43.134,0.16047,0.12677,79.00%,0.21,1280,651,6-13N-17W,,7-13N-17W,205.4,,Drillable,
"1,072",131707WL01,Moon_Casey,Oklahoma,Custer,All,7,13N,17W,640,OGM,0.21,304.89,3,All,2/15/2025,651,,"Redhawk Resources, LLC",Casey/Marcus,,,,,64.0269,0.23820,0.18817,79.00%,0.21,1280,651,6-13N-17W,,7-13N-17W,304.89,,Drillable,
"1,073",131803WL02,Moon_Casey,Oklahoma,Custer,All,3,13N,18W,640,OGM,0.21,10.67,3,All,2/1/2025,649,,"Redhawk Resources, LLC",Casey/Marcus,Duncan Pending Pooling,,,,2.2407,0.00834,0.00659,79.00%,0.21,1280,649,3-13N-18W,,10-13N-18W,10.67,,Non-Op,
"1,074",121707WL02,Moon_Casey,Oklahoma,Custer,All,7,12N,17W,640,OGM,0.21,64.36,3,All,11/12/2025,1334,,"Redhawk Resources, LLC",Casey/Marcus,Territory Final Pooling- Elections Made-Sent Notice to Territory on 2/4/26 via email-Wait on Spud Notice,,,,13.5156,0.03352,0.02648,79.00%,0.21,1920,1334,6-12N-17W,7-12N-17W,18-12N-17W,64.36,,Non-Op,
"1,075",131936WL04,Moon_Casey,Oklahoma,Custer,SE4,36,13N,19W,160,OGM,0.20,40,3,All,1/19/2026,638,,Lyle K. Miller,Ostrich OGL,,,,,8,0.03125,0.02500,80.00%,0.20,1280,638,25-13N-19W,,36-13N-19W,,36-13N-19W,Drillable,
"1,076",131936WL02,Moon_Casey,Oklahoma,Custer,SE4,36,13N,19W,160,OGM,0.20,40,3,All,1/19/2026,638,,Joe D. Thomas and Linda J. Thomas Revocable Living Trust,Ostrich OGL,,,,,8,0.03125,0.02500,80.00%,0.20,1280,638,25-13N-19W,,36-13N-19W,,36-13N-19W,Drillable,
"1,077",131936WL01,Moon_Casey,Oklahoma,Custer,SE4,36,13N,19W,160,OGM,0.20,40,3,All,1/19/2026,638,,Beth Ann Miller,Ostrich OGL,,,,,8,0.03125,0.02500,80.00%,0.20,1280,638,25-13N-19W,,36-13N-19W,,36-13N-19W,Drillable,
"1,078",131936WL05,Moon_Casey,Oklahoma,Custer,SE4,36,13N,19W,160,OGM,0.20,40,3,All,2/4/2026,638,,Rena L. Bredy,Ostrich OGL,,,,,8,0.03125,0.02500,80.00%,0.20,1280,638,25-13N-19W,,36-13N-19W,,36-13N-19W,Drillable,
"2,001",111903WL02,Cherokee Moon,Oklahoma,Washita,All,3,11N,19W,640,OGM,0.19,195.2,3,All,,1065,,CM Assignment,,,,,,37.48608,0.15253,0.12325,80.80%,0.19,1280,1065,3-11N-19W,,10-11N-19W,,3-11N-19W,,
"2,002",111904WL02,Cherokee Moon,Oklahoma,Washita,All,4,11N,19W,640,OGM,0.20,55.0,3,All,,5,,CM Assignment,,,,,,10.750545,0.04296,0.03456,80.45%,0.20,1280,5,33-12N-19W,,4-11N-19W,,4-11N-19W,,
"2,003",111905WL02,Cherokee Moon,Oklahoma,Washita,All,5,11N,19W,640,OGM,0.19,105.5,3,All,,4,,CM Assignment,,,,,,19.7803125,0.08242,0.06696,81.25%,0.19,1280,4,32-12N-19W,,5-11N-19W,,5-11N-19W,,
"2,004",111907WL01,Cherokee Moon,Oklahoma,Washita,All,7,11N,19W,640,OGM,0.25,30.0,HBP,All,,A33,,CM Assignment,,,,,,7.5,0.02344,0.01758,75.00%,0.25,1280,A33,6-11N-19W,,7-11N-19W,,7-11N-19W,,
"2,005",111908WL02,Cherokee Moon,Oklahoma,Washita,All,8,11N,19W,640,OGM,0.19,121.4,3,All,,1067,,CM Assignment,,,,,,22.7715,0.09488,0.07709,81.25%,0.19,1280,1067,8-11N-19W,,17-11N-19W,,8-11N-19W,,
"2,006",111909WL02,Cherokee Moon,Oklahoma,Washita,All,9,11N,19W,640,OGM,0.20,107.0,3,All,,1066,,CM Assignment,,,,,,21.4044,0.08361,0.06689,80.00%,0.20,1280,1066,9-11N-19W,,16-11N-19W,,9-11N-19W,,
"2,007",111910WL02,Cherokee Moon,Oklahoma,Washita,All,10,11N,19W,640,OGM,0.20,168.8,HBP,All,,1065,,CM Assignment,,,,,,33.766875,0.13184,0.10546,79.99%,0.20,1280,1065,3-11N-19W,,10-11N-19W,,10-11N-19W,,
"2,008",111916WL02,Cherokee Moon,Oklahoma,Washita,All,16,11N,19W,640,OGM,0.20,253.4,3,All,,1066,,CM Assignment,,,,,,50.6969358,0.19794,0.15833,79.99%,0.20,1280,1066,9-11N-19W,,16-11N-19W,,16-11N-19W,,
"2,009",111917WL02,Cherokee Moon,Oklahoma,Washita,All,17,11N,19W,640,OGM,0.22,41.1,HBP,All,,1067,,CM Assignment,,,,,,8.83822,0.03212,0.02521,78.50%,0.22,1280,1067,8-11N-19W,,17-11N-19W,,17-11N-19W,,
"2,010",121927WL02,Cherokee Moon,Oklahoma,Custer,All,27,12N,19W,640,OGM,0.22,0.0,3,All,,12,,CM Assignment,,,,,,0,0.00000,0.00000,78.50%,0.22,1280,12,27-12N-19W,,34-12N-19W,,27-12N-19W,,
"2,011",121707WL01,Cherokee Moon,Oklahoma,Custer,All,7,12N,17W,640,OGM,0.21,48.3,3,All,,1334,,CM Assignment,,,,,,10.13691,0.02514,0.01986,79.00%,0.21,1920,1334,6-12N-17W,7-12N-17W,18-12N-17W,,,,
"2,012",121804WL01,Cherokee Moon,Oklahoma,Custer,All,4,12N,18W,640,OGM,0.19,62.6,3,All,,A34,,CM Assignment,,,,,,11.7361875,0.04890,0.03973,81.25%,0.19,1280,A34,4-12N-18W,,9-12N-18W,,4-12N-18W,,
"2,013",121833WL01,Cherokee Moon,Oklahoma,Custer,All,33,12N,18W,640,OGM,0.25,90.0,3,All,,A35,,CM Assignment,,,,,,22.5,0.07031,0.05273,75.00%,0.25,1280,A35,28-12N-18W,,33-12N-18W,,33-12N-18W,,
"2,014",121903WL02,Cherokee Moon,Oklahoma,Custer,All,3,12N,19W,640,OGM,0.22,138.1,3,All,,852,,CM Assignment,,,,,,30.38156,0.10789,0.08415,78.00%,0.22,1280,852,3-12N-19W,,10-12N-19W,,,,
"2,015",121904WL02,Cherokee Moon,Oklahoma,Custer,All,4,12N,19W,640,OGM,0.22,124.2,3,All,,1072,,CM Assignment,,,,,,27.31916,0.09937,0.07751,78.00%,0.22,1249.62,1072,4-12N-19W,,9-12N-19W,,,,
"2,016",121909WL02,Cherokee Moon,Oklahoma,Custer,All,9,12N,19W,640,OGM,0.22,123.9,3,All,,1072,,CM Assignment,,,,,,27.2481,0.09911,0.07731,78.00%,0.22,1249.62,1072,4-12N-19W,,9-12N-19W,,,,
"2,017",121910WL02,Cherokee Moon,Oklahoma,Custer,All,10,12N,19W,640,OGM,0.22,136.5,3,All,,852,,CM Assignment,,,,,,30.03836,0.10667,0.08320,78.00%,0.22,1280,852,3-12N-19W,,10-12N-19W,,,,
"2,018",121927WL03,Cherokee Moon,Oklahoma,Custer,All,27,12N,19W,640,OGM,0.20,11.3,3,All,,12,,CM Assignment,,,,,,2.25,0.00879,0.00703,80.00%,0.20,1280,12,27-12N-19W,,34-12N-19W,,,,
"2,019",121930WL02,Cherokee Moon,Oklahoma,Custer,All,30,12N,19W,640,OGM,0.20,226.9,HBP,All,,1075,,CM Assignment,,,,,,45.511125,0.17725,0.14169,79.94%,0.20,1280,1075,30-12N-19W,,31-12N-19W,,,,
"2,020",121931WL02,Cherokee Moon,Oklahoma,Custer,All,31,12N,19W,640,OGM,0.20,48.3,3,All,,1075,,CM Assignment,,,,,,9.704481,0.03772,0.03014,79.90%,0.20,1280,1075,30-12N-19W,,31-12N-19W,,,,
"2,021",121932WL02,Cherokee Moon,Oklahoma,Custer,All,32,12N,19W,640,OGM,0.20,12.7,3,All,,4,,CM Assignment,,,,,,2.5367891,0.00992,0.00794,80.03%,0.20,1280,4,32-12N-19W,,5-11N-19W,,,,
"2,022",121933WL02,Cherokee Moon,Oklahoma,Custer,All,33,12N,19W,640,OGM,0.20,6.6,3,All,,5,,CM Assignment,,,,,,1.32,0.00516,0.00413,80.00%,0.20,1280,5,33-12N-19W,,4-11N-19W,,,,
"2,023",121934WL02,Cherokee Moon,Oklahoma,Custer,All,34,12N,19W,640,OGM,0.20,73.2,3,3,,12,,CM Assignment,,,,,,14.6478,0.05722,0.04577,80.00%,0.20,1280,12,27-12N-19W,,34-12N-19W,,,,
"2,024",121935WL02,Cherokee Moon,Oklahoma,Custer,All,35,12N,19W,640,OGM,0.20,33.8,3,3,,11,,CM Assignment,,,,,,6.75,0.02637,0.02109,80.00%,0.20,1280,11,26-12N-19W,,35-12N-19W,,,,
"2,025",131803WL01,Cherokee Moon,Oklahoma,Custer,All,3,13N,18W,640,OGM,0.21,8.0,3,All,,649,,CM Assignment,,,,,,1.68105,0.00625,0.00494,79.00%,0.21,1280,649,34-14N-18W,,3-13N-18W,,,,
"2,026",131833WL01,Cherokee Moon,Oklahoma,Custer,All,33,13N,18W,640,OGM,0.19,17.1,3,All,,A36,,CM Assignment,,,,,,3.2143125,0.01339,0.01088,81.25%,0.19,1280,A36,28-13N-18W,,33-13N-18W,,33-13N-18W,,
"2,027",131902WL01,Cherokee Moon,Oklahoma,Custer,All,2,13N,19W,640,OGM,0.19,40.7,HBP,HBP,,1308,,CM Assignment,,,,,,7.6340625,0.03181,0.02584,81.25%,0.19,1280,1308,2-13N-19W,,11-13N-19W,,2-13N-19W,,
"2,028",131903WL01,Cherokee Moon,Oklahoma,Custer,All,3,13N,19W,640,OGM,0.25,14.6,HBP,HBP,,A37,,CM Assignment,,,,,,3.6525,0.01141,0.00856,75.00%,0.25,1280,A37,3-13N-19W,,34-14N-19W,,3-13N-19W,,
"2,029",131906WL01,Cherokee Moon,Oklahoma,Custer,All,6,13N,19W,640,OGM,0.25,20.4,3,All,,1195,,CM Assignment,,,,,,5.10575,0.01596,0.01197,75.00%,0.25,1280,1195,6-13N-19W,,7-13N-19W,,6-13N-19W,,
"2,030",131910WL01,Cherokee Moon,Oklahoma,Custer,All,10,13N,19W,640,OGM,0.25,11.3,HBP,HBP,,413,,CM Assignment,,,,,,2.8125,0.00879,0.00659,75.00%,0.25,1280,413,10-13N-19W,,15-13N-19W,,10-13N-19W,,
"2,031",131914WL02,Cherokee Moon,Oklahoma,Custer,All,14,13N,19W,640,OGM,0.20,89.0,3,All,,21,,CM Assignment,,,,,,17.8066,0.06956,0.05565,80.00%,0.20,1280,21,14-13N-19W,,23-13N-19W,,,,
"2,032",131915WL01,Cherokee Moon,Oklahoma,Custer,All,15,13N,19W,640,OGM,0.20,26.3,HBP,HBP,,413,,CM Assignment,,,,,,5.25,0.02051,0.01641,80.00%,0.20,1280,413,10-13N-19W,,15-13N-19W,,15-13N-19W,,
"2,033",131916WL01,Cherokee Moon,Oklahoma,Custer,All,16,13N,19W,640,OGM,0.25,30.9,3,All,,53,,CM Assignment,,,,,,7.7345,0.02417,0.01813,75.00%,0.25,1280,53,16-13N-19W,,21-13N-19W,,,,
"2,034",131920WL01,Cherokee Moon,Oklahoma,Custer,All,20,13N,19W,640,OGM,0.19,67.5,3,All,,1078,,CM Assignment,,,,,,12.65625,0.05273,0.04285,81.25%,0.19,1280,1078,17-13N-19W,,20-13N-19W,,,,
"2,035",131921WL01,Cherokee Moon,Oklahoma,Custer,All,21,13N,19W,640,OGM,0.20,29.3,3,All,,53,,CM Assignment,,,,,,5.85,0.02285,0.01828,80.00%,0.20,1280,53,16-13N-19W,,21-13N-19W,,,,
"2,036",131922WL02,Cherokee Moon,Oklahoma,Custer,All,22,13N,19W,640,OGM,0.22,132.5,3,All,,851,,CM Assignment,,,,,,29.1401,0.06899,0.05381,78.00%,0.22,1920,851,22-13N-19W,27-13N-19W,34-13N-19W,,,,
"2,037",131923WL02,Cherokee Moon,Oklahoma,Custer,All,23,13N,19W,640,OGM,0.21,60.8,3,All,,21,,CM Assignment,,,,,,12.7575,0.04746,0.03749,79.00%,0.21,1280,21,14-13N-19W,,23-13N-19W,,,,
"2,038",131924WL02,Cherokee Moon,Oklahoma,Custer,All,24,13N,19W,640,OGM,0.20,181.3,3,All,,640,,CM Assignment,,,,,,36.25,0.14160,0.11328,80.00%,0.20,1280,640,13-13N-19W,,24-13N-19W,,,,
"2,039",131927WL02,Cherokee Moon,Oklahoma,Custer,All,27,13N,19W,640,OGM,0.20,155.3,3,All,,851,,CM Assignment,,,,,,31.05,0.08086,0.06469,80.00%,0.20,1920,851,22-13N-19W,27-13N-19W,34-13N-19W,,,,
"2,040",131934WL02,Cherokee Moon,Oklahoma,Custer,All,34,13N,19W,640,OGM,0.20,51.7,3,All,,851,,CM Assignment,,,,,,10.346,0.02694,0.02155,80.00%,0.20,1920,851,22-13N-19W,27-13N-19W,34-13N-19W,,,,
"2,041",141815WL01,Cherokee Moon,Oklahoma,Custer,All,15,14N,18W,640,OGM,0.20,15.0,3,All,,A26,,CM Assignment,,,,,,3,0.01172,0.00938,80.00%,0.20,1280,A26,15-14N-18W,,22-14N-18W,,,,
"2,042",141822WL01,Cherokee Moon,Oklahoma,Custer,All,22,14N,18W,640,OGM,0.20,30.0,3,All,,A26,,CM Assignment,,,,,,6,0.02344,0.01875,80.00%,0.20,1280,A26,15-14N-18W,,22-14N-18W,,,,
"2,043",141823WL01,Cherokee Moon,Oklahoma,Custer,All,23,14N,18W,640,OGM,0.20,3.0,3,All,,1083,,CM Assignment,,,,,,0.609,0.00238,0.00190,80.00%,0.20,1280,1083,14-14N-18W,,23-14N-18W,,,,
"2,044",141824WL01,Cherokee Moon,Oklahoma,Custer,All,24,14N,18W,640,OGM,0.20,2.8,3,All,,A15,,CM Assignment,,,,,,0.5626,0.00220,0.00176,80.00%,0.20,1280,A15,13-14N-18W,,24-14N-18W,,,,
"2,045",151930WL01,Cherokee Moon,Oklahoma,Custer,All,30,15N,19W,640,OGM,0.19,29.7,HBP,All,,587,,CM Assignment,,,,,,5.5618125,0.02317,0.01883,81.25%,0.19,1280,587,30-15N-19W,,31-15N-19W,,30-15N-19W,,
"2,046",151932WL01,Cherokee Moon,Oklahoma,Custer,All,32,15N,19W,640,OGM,0.19,83.8,HBP,All,,1145,,CM Assignment,,,,,,15.712125,0.06547,0.05319,81.25%,0.19,1280,1145,32-15N-19W,,5-14N-19W,,32-15N-19W,,
"3,001",121804WL02,"HMF, LLC",Oklahoma,Custer,All,4,12N,18W,640,OGM,0.21,3.48,3,All,,A34,,HMF Assignment,,,,,,0.7308,0.00272,0.00215,79.00%,0.21,1280,A34,4-12N-18W,,9-12N-18W,,4-12N-18W,,
"3,002",121830WL01,"HMF, LLC",Oklahoma,Custer,All,30,12N,18W,640,OGM,0.25,5.38,3,All,,57,,HMF Assignment,,,,,,1.345,0.00420,0.00315,75.00%,0.25,1280,57,19-12N-18W,,30-12N-18W,,30-12N-18W,,
"3,003",121904WL03,"HMF, LLC",Oklahoma,Custer,All,4,12N,19W,640,OGM,0.21,20,3,All,,1072,,HMF Assignment,,,,,,4.2,0.01600,0.01264,79.00%,0.21,1249.62,1072,4-12N-19W,,9-12N-19W,,4-12N-19W,,
"3,004",121909WL03,"HMF, LLC",Oklahoma,Custer,All,9,12N,19W,640,OGM,0.20,15.75,3,All,,1072,,HMF Assignment,,,,,,3.15,0.01260,0.01008,80.00%,0.20,1249.62,1072,4-12N-19W,,9-12N-19W,,9-12N-19W,,
"3,005",121910WL03,"HMF, LLC",Oklahoma,Custer,All,10,12N,19W,640,OGM,0.20,17.758,3,All,,852,,HMF Assignment,,,,,,3.5516,0.01387,0.01110,80.00%,0.20,1280,852,3-12N-19W,,10-12N-19W,,10-12N-19W,,
"3,006",121911WL01,"HMF, LLC",Oklahoma,Custer,All,11,12N,19W,640,OGM,0.20,185,3,All,,1070,,HMF Assignment,,,,,,37,0.14453,0.11563,80.00%,0.20,1280,1070,2-12N-19W,,11-12N-19W,,11-12N-19W,,
"3,007",121915WL01,"HMF, LLC",Oklahoma,Custer,All,15,12N,19W,640,OGM,0.20,160,3,All,,1076,,HMF Assignment,,,,,,32,0.12500,0.10000,80.00%,0.20,1280,1076,15-12N-19W,,22-12N-19W,,15-12N-19W,,
"3,008",121926WL01,"HMF, LLC",Oklahoma,Custer,All,26,12N,19W,640,OGM,0.21,20,3,All,,11,,HMF Assignment,,,,,,4.2,0.01563,0.01234,79.00%,0.21,1280,11,26-12N-19W,,35-12N-19W,,26-12N-19W,,
"3,009",121935WL03,"HMF, LLC",Oklahoma,Custer,All,35,12N,19W,640,OGM,0.21,60,3,All,,11,,HMF Assignment,,,,,,12.6,0.04688,0.03703,79.00%,0.21,1280,11,26-12N-19W,,35-12N-19W,,35-12N-19W,,
"3,010",131819WL01,"HMF, LLC",Oklahoma,Custer,All,19,13N,18W,640,OGM,0.20,241.9,3,All,,1077,,HMF Assignment,,,,,,48.6219,0.12599,0.10067,79.90%,0.20,1920,1077,19-13N-18W,30-13N-18W,31-13N-18W,,19-13N-18W,,
"3,011",131829WL01,"HMF, LLC",Oklahoma,Custer,All,29,13N,18W,640,OGM,0.20,40,3,All,,A38,,HMF Assignment,,,,,,7.988,0.03125,0.02501,80.03%,0.20,1280,A38,29-13N-18W,,32-13N-18W,,29-13N-18W,,
"3,012",131830WL01,"HMF, LLC",Oklahoma,Custer,All,30,13N,18W,640,OGM,0.20,80.675,HBP,All,,1077,,HMF Assignment,,,,,,16.1107975,0.04202,0.03363,80.03%,0.20,1920,1077,19-13N-18W,30-13N-18W,31-13N-18W,,30-13N-18W,,
"3,013",131831WL01,"HMF, LLC",Oklahoma,Custer,All,31,13N,18W,640,OGM,0.20,40.6925,HBP,All,,1077,,HMF Assignment,,,,,,8.1385,0.02119,0.01696,80.00%,0.20,1920,1077,19-13N-18W,30-13N-18W,31-13N-18W,,31-13N-18W,,
"3,014",131833WL02,"HMF, LLC",Oklahoma,Custer,All,33,13N,18W,640,OGM,0.20,107.619,3,3,,A36,,HMF Assignment,,,,,,21.5238,0.08408,0.06726,80.00%,0.20,1280,A36,28-13N-18W,,33-13N-18W,,33-13N-18W,,
"3,015",131909WL01,"HMF, LLC",Oklahoma,Custer,All,9,13N,19W,640,OGM,0.20,10,HBP,3,,440,,HMF Assignment,,,,,,2,0.00781,0.00625,80.00%,0.20,1280,440,4-13N-19W,,9-13N-19W,,9-13N-19W,,
"3,016",131914WL03,"HMF, LLC",Oklahoma,Custer,All,14,13N,19W,640,OGM,0.19,74.857,3,HBP,,21,,HMF Assignment,,,,,,14.0356875,0.05848,0.04752,81.25%,0.19,1280,21,14-13N-19W,,23-13N-19W,,14-13N-19W,,
"3,017",131920WL02,"HMF, LLC",Oklahoma,Custer,All,20,13N,19W,640,OGM,0.20,30.867,3,HBP,,1078,,HMF Assignment,,,,,,6.1734,0.02411,0.01929,80.00%,0.20,1280,1078,17-13N-19W,,20-13N-19W,,20-13N-19W,,
"3,018",131921WL02,"HMF, LLC",Oklahoma,Custer,All,21,13N,19W,640,OGM,0.20,45.22,3,All,,53,,HMF Assignment,,,,,,9.044,0.03533,0.02826,80.00%,0.20,1280,53,16-13N-19W,,21-13N-19W,,21-13N-19W,,
"3,019",131922WL03,"HMF, LLC",Oklahoma,Custer,All,22,13N,19W,640,OGM,0.19,1.778,3,HBP,,851,,HMF Assignment,,,,,,0.333375,0.00093,0.00075,81.25%,0.19,1920,851,22-13N-19W,27-13N-19W,34-13N-19W,,22-13N-19W,,
"3,020",131923WL03,"HMF, LLC",Oklahoma,Custer,All,23,13N,19W,640,OGM,0.20,117.934,3,All,,21,,HMF Assignment,,,,,,23.7401142,0.09214,0.07359,79.87%,0.20,1280,21,14-13N-19W,,23-13N-19W,,23-13N-19W,,
"3,021",131924WL03,"HMF, LLC",Oklahoma,Custer,All,24,13N,19W,640,OGM,0.20,30.118,3,HBP,,640,,HMF Assignment,,,,,,6.0236,0.02353,0.01882,80.00%,0.20,1280,640,13-13N-19W,,24-13N-19W,,24-13N-19W,,
"3,022",131926WL01,"HMF, LLC",Oklahoma,Custer,All,26,13N,19W,640,OGM,0.19,53.233,3,All,,573,,HMF Assignment,,,,,,10.11427,0.04159,0.03369,81.00%,0.19,1280,573,26-13N-19W,,35-13N-19W,,26-13N-19W,,
"3,023",131933WL01,"HMF, LLC",Oklahoma,Custer,All,33,13N,19W,640,OGM,0.20,45.143,3,All,,627,,HMF Assignment,,,,,,8.9157425,0.03527,0.02830,80.25%,0.20,1280,627,28-13N-19W,,33-13N-19W,,33-13N-19W,,
"3,024",141813WL01,"HMF, LLC",Oklahoma,Custer,All,13,14N,18W,640,OGM,0.20,18.535,3,All,,A15,,HMF Assignment,,,,,,3.707,0.01448,0.01158,80.00%,0.20,1280,A15,13-14N-18W,,24-14N-18W,,13-14N-18W,,
"3,025",141815WL02,"HMF, LLC",Oklahoma,Custer,All,15,14N,18W,640,OGM,0.20,35.555,3,All,,A26,,HMF Assignment,,,,,,7.111,0.02778,0.02222,80.00%,0.20,1280,A26,15-14N-18W,,22-14N-18W,,15-14N-18W,,
"3,026",141822WL02,"HMF, LLC",Oklahoma,Custer,All,22,14N,18W,640,OGM,0.20,8.885,3,All,,A26,,HMF Assignment,,,,,,1.777,0.00694,0.00555,80.00%,0.20,1280,A26,15-14N-18W,,22-14N-18W,,22-14N-18W,,
"3,027",141823WL02,"HMF, LLC",Oklahoma,Custer,All,23,14N,18W,640,OGM,0.20,13.33,3,All,,1083,,HMF Assignment,,,,,,2.666,0.01041,0.00833,80.00%,0.20,1280,1083,14-14N-18W,,23-14N-18W,,23-14N-18W,,
"3,028",141824WL02,"HMF, LLC",Oklahoma,Custer,All,24,14N,18W,640,OGM,0.20,18.536,3,All,,A15,,HMF Assignment,,,,,,3.7072,0.01448,0.01159,80.00%,0.20,1280,A15,13-14N-18W,,24-14N-18W,,24-14N-18W,,
"3,029",151911WL05,"HMF, LLC",Oklahoma,Custer,All,11,15N,19W,640,OGM,0.20,12.5,3,All,,648,,HMF Assignment,,,,,,2.5,0.00977,0.00781,80.00%,0.20,1280,648,2-15N-19W,,11-15N-19W,,11-15N-19W,,
"3,030",151913WL03,"HMF, LLC",Oklahoma,Custer,All,13,15N,19W,640,OGM,0.20,5,3,All,,A14,,HMF Assignment,,,,,,1,0.00260,0.00208,80.00%,0.20,1920,A14,13-15N-19W,24-15N-19W,25-15N-19W,,13-15N-19W,,
"3,031",151914WL01,"HMF, LLC",Oklahoma,Custer,All,14,15N,19W,640,OGM,0.20,40,3,All,,19,,HMF Assignment,,,,,,8,0.03125,0.02500,80.00%,0.20,1280,19,14-15N-19W,,23-15N-19W,,14-15N-19W,,
"3,032",151924WL07,"HMF, LLC",Oklahoma,Custer,All,24,15N,19W,640,OGM,0.20,5,3,All,,A14,,HMF Assignment,,,,,,1,0.00260,0.00208,80.00%,0.20,1920,A14,13-15N-19W,24-15N-19W,25-15N-19W,,24-15N-19W,,
"4,001",152402WL01,DEH 1,Oklahoma,Roger Mills,All,2,15N,24W,640,OGM,0.21,15.589,3,All,12/23/2024,234,,DEH 1 Assignment,,,,,,3.2347175,0.01218,0.00965,79.25%,0.21,1280,234,35-16N-24W,,2-15N-24W,,2-15N-24W,,
"4,002",152423WL01,DEH 1,Oklahoma,Roger Mills,All,23,15N,24W,640,OGM,0.25,9.33,3,All,2/1/2025,366,,DEH 1 Assignment,,,,,,2.3325,0.00729,0.00547,75.00%,0.25,1280,366,14-15N-24W,,23-15N-24W,,23-15N-24W,,
"4,003",152427WL01,DEH 1,Oklahoma,Roger Mills,All,27,15N,24W,640,OGM,0.19,9.79,3,All,12/26/2024,60,,DEH 1 Assignment,,,,,,1.835625,0.00765,0.00621,81.25%,0.19,1280,60,27-15N-24W,,34-15N-24W,,27-15N-24W,,
"4,004",152434WL01,DEH 1,Oklahoma,Roger Mills,All,34,15N,24W,640,OGM,0.20,0.125,3,All,2/1/2025,60,,DEH 1 Assignment,,,,,,0.025,0.00010,0.00008,80.00%,0.20,1280,60,27-15N-24W,,34-15N-24W,,34-15N-24W,,
"4,005",132305WL01,DEH 1,Oklahoma,Roger Mills,All,5,13N,23W,640,OGM,0.20,110.448,3,All,2/1/2025,A31,,DEH 1 Assignment,,,,,,22.0896,0.08629,0.06903,80.00%,0.20,1280,A31,32-14N-23W,,5-13N-23W,,5-13N-23W,,
"4,006",142326WL01,DEH 1,Oklahoma,Roger Mills,All,26,14N,23W,640,OGM,0.18,22.657,HBP,All,,A32,,DEH 1 Assignment,,,,,,4.1552938,0.01180,0.00964,81.66%,0.18,1920,A32,14-14N-23W,23-14N-23W,26-14N-23W,,26-14N-23W,,
"4,007",142328WL01,DEH 1,Oklahoma,Roger Mills,All,28,14N,23W,640,OGM,0.20,66.12,3,All,6/17/2025,45,,DEH 1 Assignment,,,,,,13.250448,0.05166,0.04130,79.96%,0.20,1280,45,28-14N-23W,,33-14N-23W,,28-14N-23W,,
"4,008",142331WL01,DEH 1,Oklahoma,Roger Mills,All,31,14N,23W,640,OGM,0.25,10.81,3,All,6/17/2025,27,,DEH 1 Assignment,,,,,,2.7025,0.00845,0.00633,75.00%,0.25,1280,27,31-14N-23W,,6-13N-23W,,31-14N-23W,,
"4,009",142332WL01,DEH 1,Oklahoma,Roger Mills,All,32,14N,23W,640,OGM,0.23,19.18,3,All,6/17/2025,A31,,DEH 1 Assignment,,,,,,4.44976,0.01498,0.01151,76.80%,0.23,1280,A31,32-14N-23W,,5-13N-23W,,32-14N-23W,,
"4,010",142333WL01,DEH 1,Oklahoma,Roger Mills,All,33,14N,23W,640,OGM,0.22,18.72,3,All,6/17/2025,45,,DEH 1 Assignment,,,,,,4.1184,0.01463,0.01141,78.00%,0.22,1280,45,28-14N-23W,,33-14N-23W,,33-14N-23W,,
"4,011",142334WL01,DEH 1,Oklahoma,Roger Mills,All,34,14N,23W,640,OGM,0.25,4.013,3,All,6/17/2025,30,,DEH 1 Assignment,,,,,,0.9843889,0.00314,0.00237,75.47%,0.25,1280,30,34-14N-23W,,3-13N-23W,,34-14N-23W,,
"4,012",142335WL01,DEH 1,Oklahoma,Roger Mills,All,35,14N,23W,640,OGM,0.24,135.9991,3,All,6/17/2025,1117,,DEH 1 Assignment,,,,,,32.01418814,0.10625,0.08124,76.46%,0.24,1280,1117,35-14N-23W,,2-13N-23W,,35-14N-23W,,
"4,013",152427WL02,DEH 1,Oklahoma,Roger Mills,All,27,15N,24W,640,OGM,0.22,30,3,All,6/17/2025,60,,DEH 1 Assignment,,,,,,6.6,0.02344,0.01828,78.00%,0.22,1280,60,27-15N-24W,,34-15N-24W,,27-15N-24W,,
"4,014",,DEH 1,Oklahoma,Roger Mills,All,14,13N,23W,640,OGM,0.22,68.4,3,All,1/28/2025,28,,DEH 1 Assignment,,,,,,15.048,0.05344,0.04168,78.00%,0.22,1280,28,11-13N-23W,,14-13N-23W,,14-13N-23W,,
,,,,,,,,,,,,,,,,,,,,,,,,,,,,,,,,,,,,,
TOTAL,,,,,,,,,,,,"14,833.3",,,,,,,,,,,,,10.84867,8.60176,,0.25,,,,,,,,,
,,,,,,,,,,,,,,,,,,,,,,,,,,,,,,,,,,,,,
,,Breakout by Entity,,,,,,,,,,,,,,,,,,,,,,,,,,,,,,,,,,,
,,Ostrich Legacy,,,,,,,,,,0.0,0.0%,,,,,,,,,,,,,,,,,,,,,,,,
,,OLS_Cinco,,,,,,,,,,105.2,0.7%,,,,,,,,,,,,,,,,,,,,,,,,
,,Ostrich JV,,,,,,,,,,"2,584.6",17.4%,,,,,,,,,,,,,,,,,,,,,,,,
,,Moon_Casey,,,,,,,,,,"5,791.6",39.0%,,,,,,,,,,,,,,,,,,,,,,,,
,,Cherokee Moon,,,,,,,,,,"3,314.5",22.3%,,,,,,,,,,,,,,,,,,,,,,,,
,,"HMF, LLC",,,,,,,,,,"1,564.7",10.5%,,,,,,,,,,,,,,,,,,,,,,,,
,,DEH_Cinco,,,,,,,,,,951.4,6.4%,,,,,,,,,,,,,,,,,,,,,,,,
,,DEH 1,,,,,,,,,,521.2,3.5%,,,,,,,,,,,,,,,,,,,,,,,,
,,TOTAL,,,,,,,,,,"14,833.3",100.0%,,,,,,,,,,,,,,,,,,,,,,,,
,,Check,,,,,,,,,,0.0,,,,,,,,,,,,,,,,,,,,,,,,,